rowid,bldgclass,bsmttype,floodtype,ft04m,ft03m,ft02m,ft01m,ft00,ft01,ft02,ft03,ft04,ft05,ft06,ft07,ft08,ft09,ft10,ft11,ft12,ft13,ft14,ft15,ft16,ft17,ft18,ft19,ft20,ft21,ft22,ft23,ft24
1,A0,Yes,Fresh,1.2,2.4,6,9.6,12,15,19,24,26,29,31,32,37,42,45,46,47,49,50,51,52,54,55,56,57,59,60,61,63
2,A0,Yes,Salt,1.44,2.88,7.2,11.52,14.4,18,22.8,28.8,31.2,34.8,37.2,38.4,44.4,50.4,54,55.2,56.4,58.8,60,61.2,62.4,64.8,66,67.2,68.4,70.8,72,73.2,75.6
3,A0,No,Fresh,0,0,0,0,5,8,12,17,19,22,24,25,30,35,38,39,40,42,43,44,45,47,48,49,50,52,53,54,56
4,A0,No,Salt,0,0,0,0,6,9.6,14.4,20.4,22.8,26.4,28.8,30,36,42,45.6,46.8,48,50.4,51.6,52.8,54,56.4,57.6,58.8,60,62.4,63.6,64.8,67.2
5,A1,Yes,Fresh,1.2,2.4,6,9.6,12,15,19,24,26,29,31,32,37,42,45,46,47,49,50,51,52,54,55,56,57,59,60,61,63
6,A1,Yes,Salt,1.44,2.88,7.2,11.52,14.4,18,22.8,28.8,31.2,34.8,37.2,38.4,44.4,50.4,54,55.2,56.4,58.8,60,61.2,62.4,64.8,66,67.2,68.4,70.8,72,73.2,75.6
7,A1,No,Fresh,0,0,0,0,5,8,12,17,19,22,24,25,30,35,38,39,40,42,43,44,45,47,48,49,50,52,53,54,56
8,A1,No,Salt,0,0,0,0,6,9.6,14.4,20.4,22.8,26.4,28.8,30,36,42,45.6,46.8,48,50.4,51.6,52.8,54,56.4,57.6,58.8,60,62.4,63.6,64.8,67.2
9,A2,Yes,Fresh,1.2,2.4,6,9.6,12,15,19,24,26,29,31,32,37,42,45,46,47,49,50,51,52,54,55,56,57,59,60,61,63
10,A2,Yes,Salt,1.44,2.88,7.2,11.52,14.4,18,22.8,28.8,31.2,34.8,37.2,38.4,44.4,50.4,54,55.2,56.4,58.8,60,61.2,62.4,64.8,66,67.2,68.4,70.8,72,73.2,75.6
11,A2,No,Fresh,0,0,0,0,5,8,12,17,19,22,24,25,30,35,38,39,40,42,43,44,45,47,48,49,50,52,53,54,56
12,A2,No,Salt,0,0,0,0,6,9.6,14.4,20.4,22.8,26.4,28.8,30,36,42,45.6,46.8,48,50.4,51.6,52.8,54,56.4,57.6,58.8,60,62.4,63.6,64.8,67.2
13,A3,Yes,Fresh,1.2,2.4,6,9.6,12,15,19,24,26,29,31,32,37,42,45,46,47,49,50,51,52,54,55,56,57,59,60,61,63
14,A3,Yes,Salt,1.44,2.88,7.2,11.52,14.4,18,22.8,28.8,31.2,34.8,37.2,38.4,44.4,50.4,54,55.2,56.4,58.8,60,61.2,62.4,64.8,66,67.2,68.4,70.8,72,73.2,75.6
15,A3,No,Fresh,0,0,0,0,5,8,12,17,19,22,24,25,30,35,38,39,40,42,43,44,45,47,48,49,50,52,53,54,56
16,A3,No,Salt,0,0,0,0,6,9.6,14.4,20.4,22.8,26.4,28.8,30,36,42,45.6,46.8,48,50.4,51.6,52.8,54,56.4,57.6,58.8,60,62.4,63.6,64.8,67.2
17,A4,Yes,Fresh,1.2,2.4,6,9.6,12,15,19,24,26,29,31,32,37,42,45,46,47,49,50,51,52,54,55,56,57,59,60,61,63
18,A4,Yes,Salt,1.44,2.88,7.2,11.52,14.4,18,22.8,28.8,31.2,34.8,37.2,38.4,44.4,50.4,54,55.2,56.4,58.8,60,61.2,62.4,64.8,66,67.2,68.4,70.8,72,73.2,75.6
19,A4,No,Fresh,0,0,0,0,5,8,12,17,19,22,24,25,30,35,38,39,40,42,43,44,45,47,48,49,50,52,53,54,56
20,A4,No,Salt,0,0,0,0,6,9.6,14.4,20.4,22.8,26.4,28.8,30,36,42,45.6,46.8,48,50.4,51.6,52.8,54,56.4,57.6,58.8,60,62.4,63.6,64.8,67.2
21,A5,Yes,Fresh,1.2,2.4,6,9.6,12,15,19,24,26,29,31,32,37,42,45,46,47,49,50,51,52,54,55,56,57,59,60,61,63
22,A5,Yes,Salt,1.44,2.88,7.2,11.52,14.4,18,22.8,28.8,31.2,34.8,37.2,38.4,44.4,50.4,54,55.2,56.4,58.8,60,61.2,62.4,64.8,66,67.2,68.4,70.8,72,73.2,75.6
23,A5,No,Fresh,0,0,0,0,5,8,12,17,19,22,24,25,30,35,38,39,40,42,43,44,45,47,48,49,50,52,53,54,56
24,A5,No,Salt,0,0,0,0,6,9.6,14.4,20.4,22.8,26.4,28.8,30,36,42,45.6,46.8,48,50.4,51.6,52.8,54,56.4,57.6,58.8,60,62.4,63.6,64.8,67.2
25,A6,Yes,Fresh,0.7,1.4,3.5,5.6,7,45,63,76,87,97,97,97,97,97,97,97,97,97,97,97,97,97,97,97,97,97,97,97,97
26,A6,Yes,Salt,0.84,1.68,4.2,6.72,8.4,54,75.6,91.2,100,100,100,100,100,100,100,100,100,100,100,100,100,100,100,100,100,100,100,100,100
27,A6,No,Fresh,0,0,0,0,0,38,56,69,80,90,90,90,90,90,90,90,90,90,90,90,90,90,90,90,90,90,90,90,90
28,A6,No,Salt,0,0,0,0,0,45.6,67.2,82.8,96,100,100,100,100,100,100,100,100,100,100,100,100,100,100,100,100,100,100,100,100
29,A7,Yes,Fresh,1.2,2.4,6,9.6,12,15,19,24,26,29,31,32,37,42,45,46,47,49,50,51,52,54,55,56,57,59,60,61,63
30,A7,Yes,Salt,1.44,2.88,7.2,11.52,14.4,18,22.8,28.8,31.2,34.8,37.2,38.4,44.4,50.4,54,55.2,56.4,58.8,60,61.2,62.4,64.8,66,67.2,68.4,70.8,72,73.2,75.6
31,A7,No,Fresh,0,0,0,0,5,8,12,17,19,22,24,25,30,35,38,39,40,42,43,44,45,47,48,49,50,52,53,54,56
32,A7,No,Salt,0,0,0,0,6,9.6,14.4,20.4,22.8,26.4,28.8,30,36,42,45.6,46.8,48,50.4,51.6,52.8,54,56.4,57.6,58.8,60,62.4,63.6,64.8,67.2
33,A8,Yes,Fresh,1.2,2.4,6,9.6,12,15,19,24,26,29,31,32,37,42,45,46,47,49,50,51,52,54,55,56,57,59,60,61,63
34,A8,Yes,Salt,1.44,2.88,7.2,11.52,14.4,18,22.8,28.8,31.2,34.8,37.2,38.4,44.4,50.4,54,55.2,56.4,58.8,60,61.2,62.4,64.8,66,67.2,68.4,70.8,72,73.2,75.6
35,A8,No,Fresh,0,0,0,0,5,8,12,17,19,22,24,25,30,35,38,39,40,42,43,44,45,47,48,49,50,52,53,54,56
36,A8,No,Salt,0,0,0,0,6,9.6,14.4,20.4,22.8,26.4,28.8,30,36,42,45.6,46.8,48,50.4,51.6,52.8,54,56.4,57.6,58.8,60,62.4,63.6,64.8,67.2
37,A9,Yes,Fresh,1.2,2.4,6,9.6,12,15,19,24,26,29,31,32,37,42,45,46,47,49,50,51,52,54,55,56,57,59,60,61,63
38,A9,Yes,Salt,1.44,2.88,7.2,11.52,14.4,18,22.8,28.8,31.2,34.8,37.2,38.4,44.4,50.4,54,55.2,56.4,58.8,60,61.2,62.4,64.8,66,67.2,68.4,70.8,72,73.2,75.6
39,A9,No,Fresh,0,0,0,0,5,8,12,17,19,22,24,25,30,35,38,39,40,42,43,44,45,47,48,49,50,52,53,54,56
40,A9,No,Salt,0,0,0,0,6,9.6,14.4,20.4,22.8,26.4,28.8,30,36,42,45.6,46.8,48,50.4,51.6,52.8,54,56.4,57.6,58.8,60,62.4,63.6,64.8,67.2
41,B1,Yes,Fresh,1.2,2.4,6,9.6,12,15,19,24,26,29,31,32,37,42,45,46,47,49,50,51,52,54,55,56,57,59,60,61,63
42,B1,Yes,Salt,1.44,2.88,7.2,11.52,14.4,18,22.8,28.8,31.2,34.8,37.2,38.4,44.4,50.4,54,55.2,56.4,58.8,60,61.2,62.4,64.8,66,67.2,68.4,70.8,72,73.2,75.6
43,B1,No,Fresh,0,0,0,0,5,8,12,17,19,22,24,25,30,35,38,39,40,42,43,44,45,47,48,49,50,52,53,54,56
44,B1,No,Salt,0,0,0,0,6,9.6,14.4,20.4,22.8,26.4,28.8,30,36,42,45.6,46.8,48,50.4,51.6,52.8,54,56.4,57.6,58.8,60,62.4,63.6,64.8,67.2
45,B2,Yes,Fresh,1.2,2.4,6,9.6,12,15,19,24,26,29,31,32,37,42,45,46,47,49,50,51,52,54,55,56,57,59,60,61,63
46,B2,Yes,Salt,1.44,2.88,7.2,11.52,14.4,18,22.8,28.8,31.2,34.8,37.2,38.4,44.4,50.4,54,55.2,56.4,58.8,60,61.2,62.4,64.8,66,67.2,68.4,70.8,72,73.2,75.6
47,B2,No,Fresh,0,0,0,0,5,8,12,17,19,22,24,25,30,35,38,39,40,42,43,44,45,47,48,49,50,52,53,54,56
48,B2,No,Salt,0,0,0,0,6,9.6,14.4,20.4,22.8,26.4,28.8,30,36,42,45.6,46.8,48,50.4,51.6,52.8,54,56.4,57.6,58.8,60,62.4,63.6,64.8,67.2
49,B3,Yes,Fresh,1.2,2.4,6,9.6,12,15,19,24,26,29,31,32,37,42,45,46,47,49,50,51,52,54,55,56,57,59,60,61,63
50,B3,Yes,Salt,1.44,2.88,7.2,11.52,14.4,18,22.8,28.8,31.2,34.8,37.2,38.4,44.4,50.4,54,55.2,56.4,58.8,60,61.2,62.4,64.8,66,67.2,68.4,70.8,72,73.2,75.6
51,B3,No,Fresh,0,0,0,0,5,8,12,17,19,22,24,25,30,35,38,39,40,42,43,44,45,47,48,49,50,52,53,54,56
52,B3,No,Salt,0,0,0,0,6,9.6,14.4,20.4,22.8,26.4,28.8,30,36,42,45.6,46.8,48,50.4,51.6,52.8,54,56.4,57.6,58.8,60,62.4,63.6,64.8,67.2
53,B9,Yes,Fresh,1.2,2.4,6,9.6,12,15,19,24,26,29,31,32,37,42,45,46,47,49,50,51,52,54,55,56,57,59,60,61,63
54,B9,Yes,Salt,1.44,2.88,7.2,11.52,14.4,18,22.8,28.8,31.2,34.8,37.2,38.4,44.4,50.4,54,55.2,56.4,58.8,60,61.2,62.4,64.8,66,67.2,68.4,70.8,72,73.2,75.6
55,B9,No,Fresh,0,0,0,0,5,8,12,17,19,22,24,25,30,35,38,39,40,42,43,44,45,47,48,49,50,52,53,54,56
56,B9,No,Salt,0,0,0,0,6,9.6,14.4,20.4,22.8,26.4,28.8,30,36,42,45.6,46.8,48,50.4,51.6,52.8,54,56.4,57.6,58.8,60,62.4,63.6,64.8,67.2
57,Z0,Yes,Fresh,1.2,2.4,6,9.6,12,15,19,24,26,29,31,32,37,42,45,46,47,49,50,51,52,54,55,56,57,59,60,61,63
58,Z0,Yes,Salt,1.44,2.88,7.2,11.52,14.4,18,22.8,28.8,31.2,34.8,37.2,38.4,44.4,50.4,54,55.2,56.4,58.8,60,61.2,62.4,64.8,66,67.2,68.4,70.8,72,73.2,75.6
59,Z0,No,Fresh,0,0,0,0,5,8,12,17,19,22,24,25,30,35,38,39,40,42,43,44,45,47,48,49,50,52,53,54,56
60,Z0,No,Salt,0,0,0,0,6,9.6,14.4,20.4,22.8,26.4,28.8,30,36,42,45.6,46.8,48,50.4,51.6,52.8,54,56.4,57.6,58.8,60,62.4,63.6,64.8,67.2
61,C0,Yes,Fresh,2.2,4.4,11,17.6,22,23,32,35,36,38,47,50,50,52,53,54,54,56,57,58,59,60,61,62,63,64,65,66,67
62,C0,Yes,Salt,2.64,5.28,13.2,21.12,26.4,27.6,38.4,42,43.2,45.6,56.4,60,60,62.4,63.6,64.8,64.8,67.2,68.4,69.6,70.8,72,73.2,74.4,75.6,76.8,78,79.2,80.4
63,C0,No,Fresh,0,0,0,0,15,16,25,28,29,31,40,43,43,45,46,47,47,49,50,51,52,53,54,55,56,57,58,59,60
64,C0,No,Salt,0,0,0,0,18,19.2,30,33.6,34.8,37.2,48,51.6,51.6,54,55.2,56.4,56.4,58.8,60,61.2,62.4,63.6,64.8,66,67.2,68.4,69.6,70.8,72
65,C1,Yes,Fresh,2.2,4.4,11,17.6,22,23,32,35,36,38,47,50,50,52,53,54,54,56,57,58,59,60,61,62,63,64,65,66,67
66,C1,Yes,Salt,2.64,5.28,13.2,21.12,26.4,27.6,38.4,42,43.2,45.6,56.4,60,60,62.4,63.6,64.8,64.8,67.2,68.4,69.6,70.8,72,73.2,74.4,75.6,76.8,78,79.2,80.4
67,C1,No,Fresh,0,0,0,0,15,16,25,28,29,31,40,43,43,45,46,47,47,49,50,51,52,53,54,55,56,57,58,59,60
68,C1,No,Salt,0,0,0,0,18,19.2,30,33.6,34.8,37.2,48,51.6,51.6,54,55.2,56.4,56.4,58.8,60,61.2,62.4,63.6,64.8,66,67.2,68.4,69.6,70.8,72
69,C2,Yes,Fresh,2.2,4.4,11,17.6,22,23,32,35,36,38,47,50,50,52,53,54,54,56,57,58,59,60,61,62,63,64,65,66,67
70,C2,Yes,Salt,2.64,5.28,13.2,21.12,26.4,27.6,38.4,42,43.2,45.6,56.4,60,60,62.4,63.6,64.8,64.8,67.2,68.4,69.6,70.8,72,73.2,74.4,75.6,76.8,78,79.2,80.4
71,C2,No,Fresh,0,0,0,0,15,16,25,28,29,31,40,43,43,45,46,47,47,49,50,51,52,53,54,55,56,57,58,59,60
72,C2,No,Salt,0,0,0,0,18,19.2,30,33.6,34.8,37.2,48,51.6,51.6,54,55.2,56.4,56.4,58.8,60,61.2,62.4,63.6,64.8,66,67.2,68.4,69.6,70.8,72
73,C3,Yes,Fresh,2.2,4.4,11,17.6,22,23,32,35,36,38,47,50,50,52,53,54,54,56,57,58,59,60,61,62,63,64,65,66,67
74,C3,Yes,Salt,2.64,5.28,13.2,21.12,26.4,27.6,38.4,42,43.2,45.6,56.4,60,60,62.4,63.6,64.8,64.8,67.2,68.4,69.6,70.8,72,73.2,74.4,75.6,76.8,78,79.2,80.4
75,C3,No,Fresh,0,0,0,0,15,16,25,28,29,31,40,43,43,45,46,47,47,49,50,51,52,53,54,55,56,57,58,59,60
76,C3,No,Salt,0,0,0,0,18,19.2,30,33.6,34.8,37.2,48,51.6,51.6,54,55.2,56.4,56.4,58.8,60,61.2,62.4,63.6,64.8,66,67.2,68.4,69.6,70.8,72
77,C4,Yes,Fresh,2.2,4.4,11,17.6,22,23,32,35,36,38,47,50,50,52,53,54,54,56,57,58,59,60,61,62,63,64,65,66,67
78,C4,Yes,Salt,2.64,5.28,13.2,21.12,26.4,27.6,38.4,42,43.2,45.6,56.4,60,60,62.4,63.6,64.8,64.8,67.2,68.4,69.6,70.8,72,73.2,74.4,75.6,76.8,78,79.2,80.4
79,C4,No,Fresh,0,0,0,0,15,16,25,28,29,31,40,43,43,45,46,47,47,49,50,51,52,53,54,55,56,57,58,59,60
80,C4,No,Salt,0,0,0,0,18,19.2,30,33.6,34.8,37.2,48,51.6,51.6,54,55.2,56.4,56.4,58.8,60,61.2,62.4,63.6,64.8,66,67.2,68.4,69.6,70.8,72
81,C5,Yes,Fresh,2.2,4.4,11,17.6,22,23,32,35,36,38,47,50,50,52,53,54,54,56,57,58,59,60,61,62,63,64,65,66,67
82,C5,Yes,Salt,2.64,5.28,13.2,21.12,26.4,27.6,38.4,42,43.2,45.6,56.4,60,60,62.4,63.6,64.8,64.8,67.2,68.4,69.6,70.8,72,73.2,74.4,75.6,76.8,78,79.2,80.4
83,C5,No,Fresh,0,0,0,0,15,16,25,28,29,31,40,43,43,45,46,47,47,49,50,51,52,53,54,55,56,57,58,59,60
84,C5,No,Salt,0,0,0,0,18,19.2,30,33.6,34.8,37.2,48,51.6,51.6,54,55.2,56.4,56.4,58.8,60,61.2,62.4,63.6,64.8,66,67.2,68.4,69.6,70.8,72
85,C6,Yes,Fresh,2.2,4.4,11,17.6,22,23,32,35,36,38,47,50,50,52,53,54,54,56,57,58,59,60,61,62,63,64,65,66,67
86,C6,Yes,Salt,2.64,5.28,13.2,21.12,26.4,27.6,38.4,42,43.2,45.6,56.4,60,60,62.4,63.6,64.8,64.8,67.2,68.4,69.6,70.8,72,73.2,74.4,75.6,76.8,78,79.2,80.4
87,C6,No,Fresh,0,0,0,0,15,16,25,28,29,31,40,43,43,45,46,47,47,49,50,51,52,53,54,55,56,57,58,59,60
88,C6,No,Salt,0,0,0,0,18,19.2,30,33.6,34.8,37.2,48,51.6,51.6,54,55.2,56.4,56.4,58.8,60,61.2,62.4,63.6,64.8,66,67.2,68.4,69.6,70.8,72
89,C8,Yes,Fresh,2.2,4.4,11,17.6,22,23,32,35,36,38,47,50,50,52,53,54,54,56,57,58,59,60,61,62,63,64,65,66,67
90,C8,Yes,Salt,2.64,5.28,13.2,21.12,26.4,27.6,38.4,42,43.2,45.6,56.4,60,60,62.4,63.6,64.8,64.8,67.2,68.4,69.6,70.8,72,73.2,74.4,75.6,76.8,78,79.2,80.4
91,C8,No,Fresh,0,0,0,0,15,16,25,28,29,31,40,43,43,45,46,47,47,49,50,51,52,53,54,55,56,57,58,59,60
92,C8,No,Salt,0,0,0,0,18,19.2,30,33.6,34.8,37.2,48,51.6,51.6,54,55.2,56.4,56.4,58.8,60,61.2,62.4,63.6,64.8,66,67.2,68.4,69.6,70.8,72
93,C9,Yes,Fresh,2.2,4.4,11,17.6,22,23,32,35,36,38,47,50,50,52,53,54,54,56,57,58,59,60,61,62,63,64,65,66,67
94,C9,Yes,Salt,2.64,5.28,13.2,21.12,26.4,27.6,38.4,42,43.2,45.6,56.4,60,60,62.4,63.6,64.8,64.8,67.2,68.4,69.6,70.8,72,73.2,74.4,75.6,76.8,78,79.2,80.4
95,C9,No,Fresh,0,0,0,0,15,16,25,28,29,31,40,43,43,45,46,47,47,49,50,51,52,53,54,55,56,57,58,59,60
96,C9,No,Salt,0,0,0,0,18,19.2,30,33.6,34.8,37.2,48,51.6,51.6,54,55.2,56.4,56.4,58.8,60,61.2,62.4,63.6,64.8,66,67.2,68.4,69.6,70.8,72
97,CM,Yes,Fresh,2.2,4.4,11,17.6,22,23,32,35,36,38,47,50,50,52,53,54,54,56,57,58,59,60,61,62,63,64,65,66,67
98,CM,Yes,Salt,2.64,5.28,13.2,21.12,26.4,27.6,38.4,42,43.2,45.6,56.4,60,60,62.4,63.6,64.8,64.8,67.2,68.4,69.6,70.8,72,73.2,74.4,75.6,76.8,78,79.2,80.4
99,CM,No,Fresh,0,0,0,0,15,16,25,28,29,31,40,43,43,45,46,47,47,49,50,51,52,53,54,55,56,57,58,59,60
100,CM,No,Salt,0,0,0,0,18,19.2,30,33.6,34.8,37.2,48,51.6,51.6,54,55.2,56.4,56.4,58.8,60,61.2,62.4,63.6,64.8,66,67.2,68.4,69.6,70.8,72
101,R1,Yes,Fresh,1.2,2.4,6,9.6,12,35,36,38,43,44,46,47,48,49,51,53,55,59,62,65,68,71,75,76,77,78,79,80,81
102,R1,Yes,Salt,1.44,2.88,7.2,11.52,14.4,42,43.2,45.6,51.6,52.8,55.2,56.4,57.6,58.8,61.2,63.6,66,70.8,74.4,78,81.6,85.2,90,91.2,92.4,93.6,94.8,96,97.2
103,R1,No,Fresh,0,0,0,0,5,28,29,31,36,37,39,40,41,42,44,46,48,52,55,58,61,64,68,69,70,71,72,73,74
104,R1,No,Salt,0,0,0,0,6,33.6,34.8,37.2,43.2,44.4,46.8,48,49.2,50.4,52.8,55.2,57.6,62.4,66,69.6,73.2,76.8,81.6,82.8,84,85.2,86.4,87.6,88.8
105,R2,Yes,Fresh,1.2,2.4,6,9.6,12,35,36,38,43,44,46,47,48,49,51,53,55,59,62,65,68,71,75,76,77,78,79,80,81
106,R2,Yes,Salt,1.44,2.88,7.2,11.52,14.4,42,43.2,45.6,51.6,52.8,55.2,56.4,57.6,58.8,61.2,63.6,66,70.8,74.4,78,81.6,85.2,90,91.2,92.4,93.6,94.8,96,97.2
107,R2,No,Fresh,0,0,0,0,5,28,29,31,36,37,39,40,41,42,44,46,48,52,55,58,61,64,68,69,70,71,72,73,74
108,R2,No,Salt,0,0,0,0,6,33.6,34.8,37.2,43.2,44.4,46.8,48,49.2,50.4,52.8,55.2,57.6,62.4,66,69.6,73.2,76.8,81.6,82.8,84,85.2,86.4,87.6,88.8
109,R3,Yes,Fresh,1.2,2.4,6,9.6,12,35,36,38,43,44,46,47,48,49,51,53,55,59,62,65,68,71,75,76,77,78,79,80,81
110,R3,Yes,Salt,1.44,2.88,7.2,11.52,14.4,42,43.2,45.6,51.6,52.8,55.2,56.4,57.6,58.8,61.2,63.6,66,70.8,74.4,78,81.6,85.2,90,91.2,92.4,93.6,94.8,96,97.2
111,R3,No,Fresh,0,0,0,0,5,28,29,31,36,37,39,40,41,42,44,46,48,52,55,58,61,64,68,69,70,71,72,73,74
112,R3,No,Salt,0,0,0,0,6,33.6,34.8,37.2,43.2,44.4,46.8,48,49.2,50.4,52.8,55.2,57.6,62.4,66,69.6,73.2,76.8,81.6,82.8,84,85.2,86.4,87.6,88.8
113,R6,Yes,Fresh,1.2,2.4,6,9.6,12,35,36,38,43,44,46,47,48,49,51,53,55,59,62,65,68,71,75,76,77,78,79,80,81
114,R6,Yes,Salt,1.44,2.88,7.2,11.52,14.4,42,43.2,45.6,51.6,52.8,55.2,56.4,57.6,58.8,61.2,63.6,66,70.8,74.4,78,81.6,85.2,90,91.2,92.4,93.6,94.8,96,97.2
115,R6,No,Fresh,0,0,0,0,5,28,29,31,36,37,39,40,41,42,44,46,48,52,55,58,61,64,68,69,70,71,72,73,74
116,R6,No,Salt,0,0,0,0,6,33.6,34.8,37.2,43.2,44.4,46.8,48,49.2,50.4,52.8,55.2,57.6,62.4,66,69.6,73.2,76.8,81.6,82.8,84,85.2,86.4,87.6,88.8
117,D0,Yes,Fresh,1.2,2.4,6,9.6,12,35,36,38,43,44,46,47,48,49,51,53,55,59,62,65,68,71,75,76,77,78,79,80,81
118,D0,Yes,Salt,1.44,2.88,7.2,11.52,14.4,42,43.2,45.6,51.6,52.8,55.2,56.4,57.6,58.8,61.2,63.6,66,70.8,74.4,78,81.6,85.2,90,91.2,92.4,93.6,94.8,96,97.2
119,D0,No,Fresh,0,0,0,0,5,28,29,31,36,37,39,40,41,42,44,46,48,52,55,58,61,64,68,69,70,71,72,73,74
120,D0,No,Salt,0,0,0,0,6,33.6,34.8,37.2,43.2,44.4,46.8,48,49.2,50.4,52.8,55.2,57.6,62.4,66,69.6,73.2,76.8,81.6,82.8,84,85.2,86.4,87.6,88.8
121,D1,Yes,Fresh,1.2,2.4,6,9.6,12,35,36,38,43,44,46,47,48,49,51,53,55,59,62,65,68,71,75,76,77,78,79,80,81
122,D1,Yes,Salt,1.44,2.88,7.2,11.52,14.4,42,43.2,45.6,51.6,52.8,55.2,56.4,57.6,58.8,61.2,63.6,66,70.8,74.4,78,81.6,85.2,90,91.2,92.4,93.6,94.8,96,97.2
123,D1,No,Fresh,0,0,0,0,5,28,29,31,36,37,39,40,41,42,44,46,48,52,55,58,61,64,68,69,70,71,72,73,74
124,D1,No,Salt,0,0,0,0,6,33.6,34.8,37.2,43.2,44.4,46.8,48,49.2,50.4,52.8,55.2,57.6,62.4,66,69.6,73.2,76.8,81.6,82.8,84,85.2,86.4,87.6,88.8
125,D2,Yes,Fresh,1.2,2.4,6,9.6,12,35,36,38,43,44,46,47,48,49,51,53,55,59,62,65,68,71,75,76,77,78,79,80,81
126,D2,Yes,Salt,1.44,2.88,7.2,11.52,14.4,42,43.2,45.6,51.6,52.8,55.2,56.4,57.6,58.8,61.2,63.6,66,70.8,74.4,78,81.6,85.2,90,91.2,92.4,93.6,94.8,96,97.2
127,D2,No,Fresh,0,0,0,0,5,28,29,31,36,37,39,40,41,42,44,46,48,52,55,58,61,64,68,69,70,71,72,73,74
128,D2,No,Salt,0,0,0,0,6,33.6,34.8,37.2,43.2,44.4,46.8,48,49.2,50.4,52.8,55.2,57.6,62.4,66,69.6,73.2,76.8,81.6,82.8,84,85.2,86.4,87.6,88.8
129,D3,Yes,Fresh,1.2,2.4,6,9.6,12,35,36,38,43,44,46,47,48,49,51,53,55,59,62,65,68,71,75,76,77,78,79,80,81
130,D3,Yes,Salt,1.44,2.88,7.2,11.52,14.4,42,43.2,45.6,51.6,52.8,55.2,56.4,57.6,58.8,61.2,63.6,66,70.8,74.4,78,81.6,85.2,90,91.2,92.4,93.6,94.8,96,97.2
131,D3,No,Fresh,0,0,0,0,5,28,29,31,36,37,39,40,41,42,44,46,48,52,55,58,61,64,68,69,70,71,72,73,74
132,D3,No,Salt,0,0,0,0,6,33.6,34.8,37.2,43.2,44.4,46.8,48,49.2,50.4,52.8,55.2,57.6,62.4,66,69.6,73.2,76.8,81.6,82.8,84,85.2,86.4,87.6,88.8
133,D4,Yes,Fresh,1.2,2.4,6,9.6,12,35,36,38,43,44,46,47,48,49,51,53,55,59,62,65,68,71,75,76,77,78,79,80,81
134,D4,Yes,Salt,1.44,2.88,7.2,11.52,14.4,42,43.2,45.6,51.6,52.8,55.2,56.4,57.6,58.8,61.2,63.6,66,70.8,74.4,78,81.6,85.2,90,91.2,92.4,93.6,94.8,96,97.2
135,D4,No,Fresh,0,0,0,0,5,28,29,31,36,37,39,40,41,42,44,46,48,52,55,58,61,64,68,69,70,71,72,73,74
136,D4,No,Salt,0,0,0,0,6,33.6,34.8,37.2,43.2,44.4,46.8,48,49.2,50.4,52.8,55.2,57.6,62.4,66,69.6,73.2,76.8,81.6,82.8,84,85.2,86.4,87.6,88.8
137,D5,Yes,Fresh,1.2,2.4,6,9.6,12,35,36,38,43,44,46,47,48,49,51,53,55,59,62,65,68,71,75,76,77,78,79,80,81
138,D5,Yes,Salt,1.44,2.88,7.2,11.52,14.4,42,43.2,45.6,51.6,52.8,55.2,56.4,57.6,58.8,61.2,63.6,66,70.8,74.4,78,81.6,85.2,90,91.2,92.4,93.6,94.8,96,97.2
139,D5,No,Fresh,0,0,0,0,5,28,29,31,36,37,39,40,41,42,44,46,48,52,55,58,61,64,68,69,70,71,72,73,74
140,D5,No,Salt,0,0,0,0,6,33.6,34.8,37.2,43.2,44.4,46.8,48,49.2,50.4,52.8,55.2,57.6,62.4,66,69.6,73.2,76.8,81.6,82.8,84,85.2,86.4,87.6,88.8
141,D8,Yes,Fresh,1.2,2.4,6,9.6,12,35,36,38,43,44,46,47,48,49,51,53,55,59,62,65,68,71,75,76,77,78,79,80,81
142,D8,Yes,Salt,1.44,2.88,7.2,11.52,14.4,42,43.2,45.6,51.6,52.8,55.2,56.4,57.6,58.8,61.2,63.6,66,70.8,74.4,78,81.6,85.2,90,91.2,92.4,93.6,94.8,96,97.2
143,D8,No,Fresh,0,0,0,0,5,28,29,31,36,37,39,40,41,42,44,46,48,52,55,58,61,64,68,69,70,71,72,73,74
144,D8,No,Salt,0,0,0,0,6,33.6,34.8,37.2,43.2,44.4,46.8,48,49.2,50.4,52.8,55.2,57.6,62.4,66,69.6,73.2,76.8,81.6,82.8,84,85.2,86.4,87.6,88.8
145,D9,Yes,Fresh,1.2,2.4,6,9.6,12,35,36,38,43,44,46,47,48,49,51,53,55,59,62,65,68,71,75,76,77,78,79,80,81
146,D9,Yes,Salt,1.44,2.88,7.2,11.52,14.4,42,43.2,45.6,51.6,52.8,55.2,56.4,57.6,58.8,61.2,63.6,66,70.8,74.4,78,81.6,85.2,90,91.2,92.4,93.6,94.8,96,97.2
147,D9,No,Fresh,0,0,0,0,5,28,29,31,36,37,39,40,41,42,44,46,48,52,55,58,61,64,68,69,70,71,72,73,74
148,D9,No,Salt,0,0,0,0,6,33.6,34.8,37.2,43.2,44.4,46.8,48,49.2,50.4,52.8,55.2,57.6,62.4,66,69.6,73.2,76.8,81.6,82.8,84,85.2,86.4,87.6,88.8
149,H6,Yes,Fresh,1.2,2.4,6,9.6,12,35,36,38,43,44,46,47,48,49,51,53,55,59,62,65,68,71,75,76,77,78,79,80,81
150,H6,Yes,Salt,1.44,2.88,7.2,11.52,14.4,42,43.2,45.6,51.6,52.8,55.2,56.4,57.6,58.8,61.2,63.6,66,70.8,74.4,78,81.6,85.2,90,91.2,92.4,93.6,94.8,96,97.2
151,H6,No,Fresh,0,0,0,0,5,28,29,31,36,37,39,40,41,42,44,46,48,52,55,58,61,64,68,69,70,71,72,73,74
152,H6,No,Salt,0,0,0,0,6,33.6,34.8,37.2,43.2,44.4,46.8,48,49.2,50.4,52.8,55.2,57.6,62.4,66,69.6,73.2,76.8,81.6,82.8,84,85.2,86.4,87.6,88.8
153,H7,Yes,Fresh,1.2,2.4,6,9.6,12,35,36,38,43,44,46,47,48,49,51,53,55,59,62,65,68,71,75,76,77,78,79,80,81
154,H7,Yes,Salt,1.44,2.88,7.2,11.52,14.4,42,43.2,45.6,51.6,52.8,55.2,56.4,57.6,58.8,61.2,63.6,66,70.8,74.4,78,81.6,85.2,90,91.2,92.4,93.6,94.8,96,97.2
155,H7,No,Fresh,0,0,0,0,5,28,29,31,36,37,39,40,41,42,44,46,48,52,55,58,61,64,68,69,70,71,72,73,74
156,H7,No,Salt,0,0,0,0,6,33.6,34.8,37.2,43.2,44.4,46.8,48,49.2,50.4,52.8,55.2,57.6,62.4,66,69.6,73.2,76.8,81.6,82.8,84,85.2,86.4,87.6,88.8
157,R4,Yes,Fresh,1.2,2.4,6,9.6,12,35,36,38,43,44,46,47,48,49,51,53,55,59,62,65,68,71,75,76,77,78,79,80,81
158,R4,Yes,Salt,1.44,2.88,7.2,11.52,14.4,42,43.2,45.6,51.6,52.8,55.2,56.4,57.6,58.8,61.2,63.6,66,70.8,74.4,78,81.6,85.2,90,91.2,92.4,93.6,94.8,96,97.2
159,R4,No,Fresh,0,0,0,0,5,28,29,31,36,37,39,40,41,42,44,46,48,52,55,58,61,64,68,69,70,71,72,73,74
160,R4,No,Salt,0,0,0,0,6,33.6,34.8,37.2,43.2,44.4,46.8,48,49.2,50.4,52.8,55.2,57.6,62.4,66,69.6,73.2,76.8,81.6,82.8,84,85.2,86.4,87.6,88.8
161,RD,Yes,Fresh,1.2,2.4,6,9.6,12,35,36,38,43,44,46,47,48,49,51,53,55,59,62,65,68,71,75,76,77,78,79,80,81
162,RD,Yes,Salt,1.44,2.88,7.2,11.52,14.4,42,43.2,45.6,51.6,52.8,55.2,56.4,57.6,58.8,61.2,63.6,66,70.8,74.4,78,81.6,85.2,90,91.2,92.4,93.6,94.8,96,97.2
163,RD,No,Fresh,0,0,0,0,5,28,29,31,36,37,39,40,41,42,44,46,48,52,55,58,61,64,68,69,70,71,72,73,74
164,RD,No,Salt,0,0,0,0,6,33.6,34.8,37.2,43.2,44.4,46.8,48,49.2,50.4,52.8,55.2,57.6,62.4,66,69.6,73.2,76.8,81.6,82.8,84,85.2,86.4,87.6,88.8
165,C7,Yes,Fresh,2.2,4.4,11,17.6,22,23,32,35,36,38,47,50,50,52,53,54,54,56,57,58,59,60,61,62,63,64,65,66,67
166,C7,Yes,Salt,2.64,5.28,13.2,21.12,26.4,27.6,38.4,42,43.2,45.6,56.4,60,60,62.4,63.6,64.8,64.8,67.2,68.4,69.6,70.8,72,73.2,74.4,75.6,76.8,78,79.2,80.4
167,C7,No,Fresh,0,0,0,0,15,16,25,28,29,31,40,43,43,45,46,47,47,49,50,51,52,53,54,55,56,57,58,59,60
168,C7,No,Salt,0,0,0,0,18,19.2,30,33.6,34.8,37.2,48,51.6,51.6,54,55.2,56.4,56.4,58.8,60,61.2,62.4,63.6,64.8,66,67.2,68.4,69.6,70.8,72
169,D6,Yes,Fresh,1.2,2.4,6,9.6,12,35,36,38,43,44,46,47,48,49,51,53,55,59,62,65,68,71,75,76,77,78,79,80,81
170,D6,Yes,Salt,1.44,2.88,7.2,11.52,14.4,42,43.2,45.6,51.6,52.8,55.2,56.4,57.6,58.8,61.2,63.6,66,70.8,74.4,78,81.6,85.2,90,91.2,92.4,93.6,94.8,96,97.2
171,D6,No,Fresh,0,0,0,0,5,28,29,31,36,37,39,40,41,42,44,46,48,52,55,58,61,64,68,69,70,71,72,73,74
172,D6,No,Salt,0,0,0,0,6,33.6,34.8,37.2,43.2,44.4,46.8,48,49.2,50.4,52.8,55.2,57.6,62.4,66,69.6,73.2,76.8,81.6,82.8,84,85.2,86.4,87.6,88.8
173,D7,Yes,Fresh,1.2,2.4,6,9.6,12,35,36,38,43,44,46,47,48,49,51,53,55,59,62,65,68,71,75,76,77,78,79,80,81
174,D7,Yes,Salt,1.44,2.88,7.2,11.52,14.4,42,43.2,45.6,51.6,52.8,55.2,56.4,57.6,58.8,61.2,63.6,66,70.8,74.4,78,81.6,85.2,90,91.2,92.4,93.6,94.8,96,97.2
175,D7,No,Fresh,0,0,0,0,5,28,29,31,36,37,39,40,41,42,44,46,48,52,55,58,61,64,68,69,70,71,72,73,74
176,D7,No,Salt,0,0,0,0,6,33.6,34.8,37.2,43.2,44.4,46.8,48,49.2,50.4,52.8,55.2,57.6,62.4,66,69.6,73.2,76.8,81.6,82.8,84,85.2,86.4,87.6,88.8
177,K4,Yes,Fresh,1.2,2.4,6,9.6,12,35,36,38,43,44,46,47,48,49,51,53,55,59,62,65,68,71,75,76,77,78,79,80,81
178,K4,Yes,Salt,1.44,2.88,7.2,11.52,14.4,42,43.2,45.6,51.6,52.8,55.2,56.4,57.6,58.8,61.2,63.6,66,70.8,74.4,78,81.6,85.2,90,91.2,92.4,93.6,94.8,96,97.2
179,K4,No,Fresh,0,0,0,0,5,28,29,31,36,37,39,40,41,42,44,46,48,52,55,58,61,64,68,69,70,71,72,73,74
180,K4,No,Salt,0,0,0,0,6,33.6,34.8,37.2,43.2,44.4,46.8,48,49.2,50.4,52.8,55.2,57.6,62.4,66,69.6,73.2,76.8,81.6,82.8,84,85.2,86.4,87.6,88.8
181,R9,Yes,Fresh,1.2,2.4,6,9.6,12,35,36,38,43,44,46,47,48,49,51,53,55,59,62,65,68,71,75,76,77,78,79,80,81
182,R9,Yes,Salt,1.44,2.88,7.2,11.52,14.4,42,43.2,45.6,51.6,52.8,55.2,56.4,57.6,58.8,61.2,63.6,66,70.8,74.4,78,81.6,85.2,90,91.2,92.4,93.6,94.8,96,97.2
183,R9,No,Fresh,0,0,0,0,5,28,29,31,36,37,39,40,41,42,44,46,48,52,55,58,61,64,68,69,70,71,72,73,74
184,R9,No,Salt,0,0,0,0,6,33.6,34.8,37.2,43.2,44.4,46.8,48,49.2,50.4,52.8,55.2,57.6,62.4,66,69.6,73.2,76.8,81.6,82.8,84,85.2,86.4,87.6,88.8
185,RM,Yes,Fresh,1.2,2.4,6,9.6,12,35,36,38,43,44,46,47,48,49,51,53,55,59,62,65,68,71,75,76,77,78,79,80,81
186,RM,Yes,Salt,1.44,2.88,7.2,11.52,14.4,42,43.2,45.6,51.6,52.8,55.2,56.4,57.6,58.8,61.2,63.6,66,70.8,74.4,78,81.6,85.2,90,91.2,92.4,93.6,94.8,96,97.2
187,RM,No,Fresh,0,0,0,0,5,28,29,31,36,37,39,40,41,42,44,46,48,52,55,58,61,64,68,69,70,71,72,73,74
188,RM,No,Salt,0,0,0,0,6,33.6,34.8,37.2,43.2,44.4,46.8,48,49.2,50.4,52.8,55.2,57.6,62.4,66,69.6,73.2,76.8,81.6,82.8,84,85.2,86.4,87.6,88.8
189,RR,Yes,Fresh,1.2,2.4,6,9.6,12,35,36,38,43,44,46,47,48,49,51,53,55,59,62,65,68,71,75,76,77,78,79,80,81
190,RR,Yes,Salt,1.44,2.88,7.2,11.52,14.4,42,43.2,45.6,51.6,52.8,55.2,56.4,57.6,58.8,61.2,63.6,66,70.8,74.4,78,81.6,85.2,90,91.2,92.4,93.6,94.8,96,97.2
191,RR,No,Fresh,0,0,0,0,5,28,29,31,36,37,39,40,41,42,44,46,48,52,55,58,61,64,68,69,70,71,72,73,74
192,RR,No,Salt,0,0,0,0,6,33.6,34.8,37.2,43.2,44.4,46.8,48,49.2,50.4,52.8,55.2,57.6,62.4,66,69.6,73.2,76.8,81.6,82.8,84,85.2,86.4,87.6,88.8
193,RX,Yes,Fresh,1.2,2.4,6,9.6,12,35,36,38,43,44,46,47,48,49,51,53,55,59,62,65,68,71,75,76,77,78,79,80,81
194,RX,Yes,Salt,1.44,2.88,7.2,11.52,14.4,42,43.2,45.6,51.6,52.8,55.2,56.4,57.6,58.8,61.2,63.6,66,70.8,74.4,78,81.6,85.2,90,91.2,92.4,93.6,94.8,96,97.2
195,RX,No,Fresh,0,0,0,0,5,28,29,31,36,37,39,40,41,42,44,46,48,52,55,58,61,64,68,69,70,71,72,73,74
196,RX,No,Salt,0,0,0,0,6,33.6,34.8,37.2,43.2,44.4,46.8,48,49.2,50.4,52.8,55.2,57.6,62.4,66,69.6,73.2,76.8,81.6,82.8,84,85.2,86.4,87.6,88.8
197,RZ,Yes,Fresh,1.2,2.4,6,9.6,12,35,36,38,43,44,46,47,48,49,51,53,55,59,62,65,68,71,75,76,77,78,79,80,81
198,RZ,Yes,Salt,1.44,2.88,7.2,11.52,14.4,42,43.2,45.6,51.6,52.8,55.2,56.4,57.6,58.8,61.2,63.6,66,70.8,74.4,78,81.6,85.2,90,91.2,92.4,93.6,94.8,96,97.2
199,RZ,No,Fresh,0,0,0,0,5,28,29,31,36,37,39,40,41,42,44,46,48,52,55,58,61,64,68,69,70,71,72,73,74
200,RZ,No,Salt,0,0,0,0,6,33.6,34.8,37.2,43.2,44.4,46.8,48,49.2,50.4,52.8,55.2,57.6,62.4,66,69.6,73.2,76.8,81.6,82.8,84,85.2,86.4,87.6,88.8
201,S0,Yes,Fresh,1.2,2.4,6,9.6,12,35,36,38,43,44,46,47,48,49,51,53,55,59,62,65,68,71,75,76,77,78,79,80,81
202,S0,Yes,Salt,1.44,2.88,7.2,11.52,14.4,42,43.2,45.6,51.6,52.8,55.2,56.4,57.6,58.8,61.2,63.6,66,70.8,74.4,78,81.6,85.2,90,91.2,92.4,93.6,94.8,96,97.2
203,S0,No,Fresh,0,0,0,0,5,28,29,31,36,37,39,40,41,42,44,46,48,52,55,58,61,64,68,69,70,71,72,73,74
204,S0,No,Salt,0,0,0,0,6,33.6,34.8,37.2,43.2,44.4,46.8,48,49.2,50.4,52.8,55.2,57.6,62.4,66,69.6,73.2,76.8,81.6,82.8,84,85.2,86.4,87.6,88.8
205,S1,Yes,Fresh,1.2,2.4,6,9.6,12,35,36,38,43,44,46,47,48,49,51,53,55,59,62,65,68,71,75,76,77,78,79,80,81
206,S1,Yes,Salt,1.44,2.88,7.2,11.52,14.4,42,43.2,45.6,51.6,52.8,55.2,56.4,57.6,58.8,61.2,63.6,66,70.8,74.4,78,81.6,85.2,90,91.2,92.4,93.6,94.8,96,97.2
207,S1,No,Fresh,0,0,0,0,5,28,29,31,36,37,39,40,41,42,44,46,48,52,55,58,61,64,68,69,70,71,72,73,74
208,S1,No,Salt,0,0,0,0,6,33.6,34.8,37.2,43.2,44.4,46.8,48,49.2,50.4,52.8,55.2,57.6,62.4,66,69.6,73.2,76.8,81.6,82.8,84,85.2,86.4,87.6,88.8
209,S2,Yes,Fresh,1.2,2.4,6,9.6,12,35,36,38,43,44,46,47,48,49,51,53,55,59,62,65,68,71,75,76,77,78,79,80,81
210,S2,Yes,Salt,1.44,2.88,7.2,11.52,14.4,42,43.2,45.6,51.6,52.8,55.2,56.4,57.6,58.8,61.2,63.6,66,70.8,74.4,78,81.6,85.2,90,91.2,92.4,93.6,94.8,96,97.2
211,S2,No,Fresh,0,0,0,0,5,28,29,31,36,37,39,40,41,42,44,46,48,52,55,58,61,64,68,69,70,71,72,73,74
212,S2,No,Salt,0,0,0,0,6,33.6,34.8,37.2,43.2,44.4,46.8,48,49.2,50.4,52.8,55.2,57.6,62.4,66,69.6,73.2,76.8,81.6,82.8,84,85.2,86.4,87.6,88.8
213,S3,Yes,Fresh,1.2,2.4,6,9.6,12,35,36,38,43,44,46,47,48,49,51,53,55,59,62,65,68,71,75,76,77,78,79,80,81
214,S3,Yes,Salt,1.44,2.88,7.2,11.52,14.4,42,43.2,45.6,51.6,52.8,55.2,56.4,57.6,58.8,61.2,63.6,66,70.8,74.4,78,81.6,85.2,90,91.2,92.4,93.6,94.8,96,97.2
215,S3,No,Fresh,0,0,0,0,5,28,29,31,36,37,39,40,41,42,44,46,48,52,55,58,61,64,68,69,70,71,72,73,74
216,S3,No,Salt,0,0,0,0,6,33.6,34.8,37.2,43.2,44.4,46.8,48,49.2,50.4,52.8,55.2,57.6,62.4,66,69.6,73.2,76.8,81.6,82.8,84,85.2,86.4,87.6,88.8
217,S4,Yes,Fresh,1.2,2.4,6,9.6,12,35,36,38,43,44,46,47,48,49,51,53,55,59,62,65,68,71,75,76,77,78,79,80,81
218,S4,Yes,Salt,1.44,2.88,7.2,11.52,14.4,42,43.2,45.6,51.6,52.8,55.2,56.4,57.6,58.8,61.2,63.6,66,70.8,74.4,78,81.6,85.2,90,91.2,92.4,93.6,94.8,96,97.2
219,S4,No,Fresh,0,0,0,0,5,28,29,31,36,37,39,40,41,42,44,46,48,52,55,58,61,64,68,69,70,71,72,73,74
220,S4,No,Salt,0,0,0,0,6,33.6,34.8,37.2,43.2,44.4,46.8,48,49.2,50.4,52.8,55.2,57.6,62.4,66,69.6,73.2,76.8,81.6,82.8,84,85.2,86.4,87.6,88.8
221,S5,Yes,Fresh,1.2,2.4,6,9.6,12,35,36,38,43,44,46,47,48,49,51,53,55,59,62,65,68,71,75,76,77,78,79,80,81
222,S5,Yes,Salt,1.44,2.88,7.2,11.52,14.4,42,43.2,45.6,51.6,52.8,55.2,56.4,57.6,58.8,61.2,63.6,66,70.8,74.4,78,81.6,85.2,90,91.2,92.4,93.6,94.8,96,97.2
223,S5,No,Fresh,0,0,0,0,5,28,29,31,36,37,39,40,41,42,44,46,48,52,55,58,61,64,68,69,70,71,72,73,74
224,S5,No,Salt,0,0,0,0,6,33.6,34.8,37.2,43.2,44.4,46.8,48,49.2,50.4,52.8,55.2,57.6,62.4,66,69.6,73.2,76.8,81.6,82.8,84,85.2,86.4,87.6,88.8
225,S9,Yes,Fresh,1.2,2.4,6,9.6,12,35,36,38,43,44,46,47,48,49,51,53,55,59,62,65,68,71,75,76,77,78,79,80,81
226,S9,Yes,Salt,1.44,2.88,7.2,11.52,14.4,42,43.2,45.6,51.6,52.8,55.2,56.4,57.6,58.8,61.2,63.6,66,70.8,74.4,78,81.6,85.2,90,91.2,92.4,93.6,94.8,96,97.2
227,S9,No,Fresh,0,0,0,0,5,28,29,31,36,37,39,40,41,42,44,46,48,52,55,58,61,64,68,69,70,71,72,73,74
228,S9,No,Salt,0,0,0,0,6,33.6,34.8,37.2,43.2,44.4,46.8,48,49.2,50.4,52.8,55.2,57.6,62.4,66,69.6,73.2,76.8,81.6,82.8,84,85.2,86.4,87.6,88.8
229,G8,Yes,Fresh,0.7,1.4,3.5,5.6,7,24,24,25,26,28,30,32,35,39,42,46,50,56,59,63,68,72,77,82,87,92,97,100,100
230,G8,Yes,Salt,0.84,1.68,4.2,6.72,8.4,28.8,28.8,30,31.2,33.6,36,38.4,42,46.8,50.4,55.2,60,67.2,70.8,75.6,81.6,86.4,92.4,98.4,100,100,100,100,100
231,G8,No,Fresh,0,0,0,0,0,17,17,18,19,21,23,25,28,32,35,39,43,49,52,56,61,65,70,75,80,85,90,95,100
232,G8,No,Salt,0,0,0,0,0,20.4,20.4,21.6,22.8,25.2,27.6,30,33.6,38.4,42,46.8,51.6,58.8,62.4,67.2,73.2,78,84,90,96,100,100,100,100
233,GU,Yes,Fresh,0.7,1.4,3.5,5.6,7,24,24,25,26,28,30,32,35,39,42,46,50,56,59,63,68,72,77,82,87,92,97,100,100
234,GU,Yes,Salt,0.84,1.68,4.2,6.72,8.4,28.8,28.8,30,31.2,33.6,36,38.4,42,46.8,50.4,55.2,60,67.2,70.8,75.6,81.6,86.4,92.4,98.4,100,100,100,100,100
235,GU,No,Fresh,0,0,0,0,0,17,17,18,19,21,23,25,28,32,35,39,43,49,52,56,61,65,70,75,80,85,90,95,100
236,GU,No,Salt,0,0,0,0,0,20.4,20.4,21.6,22.8,25.2,27.6,30,33.6,38.4,42,46.8,51.6,58.8,62.4,67.2,73.2,78,84,90,96,100,100,100,100
237,GW,Yes,Fresh,0.7,1.4,3.5,5.6,7,24,24,25,26,28,30,32,35,39,42,46,50,56,59,63,68,72,77,82,87,92,97,100,100
238,GW,Yes,Salt,0.84,1.68,4.2,6.72,8.4,28.8,28.8,30,31.2,33.6,36,38.4,42,46.8,50.4,55.2,60,67.2,70.8,75.6,81.6,86.4,92.4,98.4,100,100,100,100,100
239,GW,No,Fresh,0,0,0,0,0,17,17,18,19,21,23,25,28,32,35,39,43,49,52,56,61,65,70,75,80,85,90,95,100
240,GW,No,Salt,0,0,0,0,0,20.4,20.4,21.6,22.8,25.2,27.6,30,33.6,38.4,42,46.8,51.6,58.8,62.4,67.2,73.2,78,84,90,96,100,100,100,100
241,H1,Yes,Fresh,0.7,1.4,3.5,5.6,7,8,9,9,9,10,12,13,16,18,22,25,29,33,37,41,46,50,55,60,65,70,75,80,85
242,H1,Yes,Salt,0.84,1.68,4.2,6.72,8.4,9.6,10.8,10.8,10.8,12,14.4,15.6,19.2,21.6,26.4,30,34.8,39.6,44.4,49.2,55.2,60,66,72,78,84,90,96,100
243,H1,No,Fresh,0,0,0,0,0,1,2,2,2,3,5,6,9,11,15,18,22,26,30,34,39,43,48,53,58,63,68,73,78
244,H1,No,Salt,0,0,0,0,0,1.2,2.4,2.4,2.4,3.6,6,7.2,10.8,13.2,18,21.6,26.4,31.2,36,40.8,46.8,51.6,57.6,63.6,69.6,75.6,81.6,87.6,93.6
245,H2,Yes,Fresh,0.7,1.4,3.5,5.6,7,8,9,9,9,10,12,13,16,18,22,25,29,33,37,41,46,50,55,60,65,70,75,80,85
246,H2,Yes,Salt,0.84,1.68,4.2,6.72,8.4,9.6,10.8,10.8,10.8,12,14.4,15.6,19.2,21.6,26.4,30,34.8,39.6,44.4,49.2,55.2,60,66,72,78,84,90,96,100
247,H2,No,Fresh,0,0,0,0,0,1,2,2,2,3,5,6,9,11,15,18,22,26,30,34,39,43,48,53,58,63,68,73,78
248,H2,No,Salt,0,0,0,0,0,1.2,2.4,2.4,2.4,3.6,6,7.2,10.8,13.2,18,21.6,26.4,31.2,36,40.8,46.8,51.6,57.6,63.6,69.6,75.6,81.6,87.6,93.6
249,H3,Yes,Fresh,0.7,1.4,3.5,5.6,7,8,9,9,9,10,12,13,16,18,22,25,29,33,37,41,46,50,55,60,65,70,75,80,85
250,H3,Yes,Salt,0.84,1.68,4.2,6.72,8.4,9.6,10.8,10.8,10.8,12,14.4,15.6,19.2,21.6,26.4,30,34.8,39.6,44.4,49.2,55.2,60,66,72,78,84,90,96,100
251,H3,No,Fresh,0,0,0,0,0,1,2,2,2,3,5,6,9,11,15,18,22,26,30,34,39,43,48,53,58,63,68,73,78
252,H3,No,Salt,0,0,0,0,0,1.2,2.4,2.4,2.4,3.6,6,7.2,10.8,13.2,18,21.6,26.4,31.2,36,40.8,46.8,51.6,57.6,63.6,69.6,75.6,81.6,87.6,93.6
253,H4,Yes,Fresh,0.7,1.4,3.5,5.6,7,11,14,17,19,22,25,29,33,38,44,50,57,63,68,72,76,79,83,86,89,92,95,98,100
254,H4,Yes,Salt,0.84,1.68,4.2,6.72,8.4,13.2,16.8,20.4,22.8,26.4,30,34.8,39.6,45.6,52.8,60,68.4,75.6,81.6,86.4,91.2,94.8,99.6,100,100,100,100,100,100
255,H4,No,Fresh,0,0,0,0,0,4,7,10,12,15,18,22,26,31,37,43,50,56,61,65,69,72,76,79,82,85,88,91,94
256,H4,No,Salt,0,0,0,0,0,4.8,8.4,12,14.4,18,21.6,26.4,31.2,37.2,44.4,51.6,60,67.2,73.2,78,82.8,86.4,91.2,94.8,98.4,100,100,100,100
257,H5,Yes,Fresh,0.7,1.4,3.5,5.6,7,8,9,9,9,10,12,13,16,18,22,25,29,33,37,41,46,50,55,60,65,70,75,80,85
258,H5,Yes,Salt,0.84,1.68,4.2,6.72,8.4,9.6,10.8,10.8,10.8,12,14.4,15.6,19.2,21.6,26.4,30,34.8,39.6,44.4,49.2,55.2,60,66,72,78,84,90,96,100
259,H5,No,Fresh,0,0,0,0,0,1,2,2,2,3,5,6,9,11,15,18,22,26,30,34,39,43,48,53,58,63,68,73,78
260,H5,No,Salt,0,0,0,0,0,1.2,2.4,2.4,2.4,3.6,6,7.2,10.8,13.2,18,21.6,26.4,31.2,36,40.8,46.8,51.6,57.6,63.6,69.6,75.6,81.6,87.6,93.6
261,H9,Yes,Fresh,0.7,1.4,3.5,5.6,7,8,9,9,9,10,12,13,16,18,22,25,29,33,37,41,46,50,55,60,65,70,75,80,85
262,H9,Yes,Salt,0.84,1.68,4.2,6.72,8.4,9.6,10.8,10.8,10.8,12,14.4,15.6,19.2,21.6,26.4,30,34.8,39.6,44.4,49.2,55.2,60,66,72,78,84,90,96,100
263,H9,No,Fresh,0,0,0,0,0,1,2,2,2,3,5,6,9,11,15,18,22,26,30,34,39,43,48,53,58,63,68,73,78
264,H9,No,Salt,0,0,0,0,0,1.2,2.4,2.4,2.4,3.6,6,7.2,10.8,13.2,18,21.6,26.4,31.2,36,40.8,46.8,51.6,57.6,63.6,69.6,75.6,81.6,87.6,93.6
265,HB,Yes,Fresh,0.7,1.4,3.5,5.6,7,8,9,9,9,10,12,13,16,18,22,25,29,33,37,41,46,50,55,60,65,70,75,80,85
266,HB,Yes,Salt,0.84,1.68,4.2,6.72,8.4,9.6,10.8,10.8,10.8,12,14.4,15.6,19.2,21.6,26.4,30,34.8,39.6,44.4,49.2,55.2,60,66,72,78,84,90,96,100
267,HB,No,Fresh,0,0,0,0,0,1,2,2,2,3,5,6,9,11,15,18,22,26,30,34,39,43,48,53,58,63,68,73,78
268,HB,No,Salt,0,0,0,0,0,1.2,2.4,2.4,2.4,3.6,6,7.2,10.8,13.2,18,21.6,26.4,31.2,36,40.8,46.8,51.6,57.6,63.6,69.6,75.6,81.6,87.6,93.6
269,HH,Yes,Fresh,0.7,1.4,3.5,5.6,7,8,9,9,9,10,12,13,16,18,22,25,29,33,37,41,46,50,55,60,65,70,75,80,85
270,HH,Yes,Salt,0.84,1.68,4.2,6.72,8.4,9.6,10.8,10.8,10.8,12,14.4,15.6,19.2,21.6,26.4,30,34.8,39.6,44.4,49.2,55.2,60,66,72,78,84,90,96,100
271,HH,No,Fresh,0,0,0,0,0,1,2,2,2,3,5,6,9,11,15,18,22,26,30,34,39,43,48,53,58,63,68,73,78
272,HH,No,Salt,0,0,0,0,0,1.2,2.4,2.4,2.4,3.6,6,7.2,10.8,13.2,18,21.6,26.4,31.2,36,40.8,46.8,51.6,57.6,63.6,69.6,75.6,81.6,87.6,93.6
273,HR,Yes,Fresh,0.7,1.4,3.5,5.6,7,8,9,9,9,10,12,13,16,18,22,25,29,33,37,41,46,50,55,60,65,70,75,80,85
274,HR,Yes,Salt,0.84,1.68,4.2,6.72,8.4,9.6,10.8,10.8,10.8,12,14.4,15.6,19.2,21.6,26.4,30,34.8,39.6,44.4,49.2,55.2,60,66,72,78,84,90,96,100
275,HR,No,Fresh,0,0,0,0,0,1,2,2,2,3,5,6,9,11,15,18,22,26,30,34,39,43,48,53,58,63,68,73,78
276,HR,No,Salt,0,0,0,0,0,1.2,2.4,2.4,2.4,3.6,6,7.2,10.8,13.2,18,21.6,26.4,31.2,36,40.8,46.8,51.6,57.6,63.6,69.6,75.6,81.6,87.6,93.6
277,HS,Yes,Fresh,0.7,1.4,3.5,5.6,7,8,9,9,9,10,12,13,16,18,22,25,29,33,37,41,46,50,55,60,65,70,75,80,85
278,HS,Yes,Salt,0.84,1.68,4.2,6.72,8.4,9.6,10.8,10.8,10.8,12,14.4,15.6,19.2,21.6,26.4,30,34.8,39.6,44.4,49.2,55.2,60,66,72,78,84,90,96,100
279,HS,No,Fresh,0,0,0,0,0,1,2,2,2,3,5,6,9,11,15,18,22,26,30,34,39,43,48,53,58,63,68,73,78
280,HS,No,Salt,0,0,0,0,0,1.2,2.4,2.4,2.4,3.6,6,7.2,10.8,13.2,18,21.6,26.4,31.2,36,40.8,46.8,51.6,57.6,63.6,69.6,75.6,81.6,87.6,93.6
281,J1,Yes,Fresh,0.7,1.4,3.5,5.6,7,31,55,84,98,100,100,100,100,100,100,100,100,100,100,100,100,100,100,100,100,100,100,100,100
282,J1,Yes,Salt,0.84,1.68,4.2,6.72,8.4,37.2,66,100,100,100,100,100,100,100,100,100,100,100,100,100,100,100,100,100,100,100,100,100,100
283,J1,No,Fresh,0,0,0,0,0,24,48,77,91,94,94,97,97,97,97,97,97,97,97,97,97,97,97,97,97,97,97,97,97
284,J1,No,Salt,0,0,0,0,0,28.8,57.6,92.4,100,100,100,100,100,100,100,100,100,100,100,100,100,100,100,100,100,100,100,100,100
285,J2,Yes,Fresh,0.7,1.4,3.5,5.6,7,31,55,84,98,100,100,100,100,100,100,100,100,100,100,100,100,100,100,100,100,100,100,100,100
286,J2,Yes,Salt,0.84,1.68,4.2,6.72,8.4,37.2,66,100,100,100,100,100,100,100,100,100,100,100,100,100,100,100,100,100,100,100,100,100,100
287,J2,No,Fresh,0,0,0,0,0,24,48,77,91,94,94,97,97,97,97,97,97,97,97,97,97,97,97,97,97,97,97,97,97
288,J2,No,Salt,0,0,0,0,0,28.8,57.6,92.4,100,100,100,100,100,100,100,100,100,100,100,100,100,100,100,100,100,100,100,100,100
289,J3,Yes,Fresh,0.7,1.4,3.5,5.6,7,31,55,84,98,100,100,100,100,100,100,100,100,100,100,100,100,100,100,100,100,100,100,100,100
290,J3,Yes,Salt,0.84,1.68,4.2,6.72,8.4,37.2,66,100,100,100,100,100,100,100,100,100,100,100,100,100,100,100,100,100,100,100,100,100,100
291,J3,No,Fresh,0,0,0,0,0,24,48,77,91,94,94,97,97,97,97,97,97,97,97,97,97,97,97,97,97,97,97,97,97
292,J3,No,Salt,0,0,0,0,0,28.8,57.6,92.4,100,100,100,100,100,100,100,100,100,100,100,100,100,100,100,100,100,100,100,100,100
293,J4,Yes,Fresh,0.7,1.4,3.5,5.6,7,31,55,84,98,100,100,100,100,100,100,100,100,100,100,100,100,100,100,100,100,100,100,100,100
294,J4,Yes,Salt,0.84,1.68,4.2,6.72,8.4,37.2,66,100,100,100,100,100,100,100,100,100,100,100,100,100,100,100,100,100,100,100,100,100,100
295,J4,No,Fresh,0,0,0,0,0,24,48,77,91,94,94,97,97,97,97,97,97,97,97,97,97,97,97,97,97,97,97,97,97
296,J4,No,Salt,0,0,0,0,0,28.8,57.6,92.4,100,100,100,100,100,100,100,100,100,100,100,100,100,100,100,100,100,100,100,100,100
297,J5,Yes,Fresh,0.7,1.4,3.5,5.6,7,31,55,84,98,100,100,100,100,100,100,100,100,100,100,100,100,100,100,100,100,100,100,100,100
298,J5,Yes,Salt,0.84,1.68,4.2,6.72,8.4,37.2,66,100,100,100,100,100,100,100,100,100,100,100,100,100,100,100,100,100,100,100,100,100,100
299,J5,No,Fresh,0,0,0,0,0,24,48,77,91,94,94,97,97,97,97,97,97,97,97,97,97,97,97,97,97,97,97,97,97
300,J5,No,Salt,0,0,0,0,0,28.8,57.6,92.4,100,100,100,100,100,100,100,100,100,100,100,100,100,100,100,100,100,100,100,100,100
301,J6,Yes,Fresh,0.7,1.4,3.5,5.6,7,31,55,84,98,100,100,100,100,100,100,100,100,100,100,100,100,100,100,100,100,100,100,100,100
302,J6,Yes,Salt,0.84,1.68,4.2,6.72,8.4,37.2,66,100,100,100,100,100,100,100,100,100,100,100,100,100,100,100,100,100,100,100,100,100,100
303,J6,No,Fresh,0,0,0,0,0,24,48,77,91,94,94,97,97,97,97,97,97,97,97,97,97,97,97,97,97,97,97,97,97
304,J6,No,Salt,0,0,0,0,0,28.8,57.6,92.4,100,100,100,100,100,100,100,100,100,100,100,100,100,100,100,100,100,100,100,100,100
305,J7,Yes,Fresh,0.7,1.4,3.5,5.6,7,31,55,84,98,100,100,100,100,100,100,100,100,100,100,100,100,100,100,100,100,100,100,100,100
306,J7,Yes,Salt,0.84,1.68,4.2,6.72,8.4,37.2,66,100,100,100,100,100,100,100,100,100,100,100,100,100,100,100,100,100,100,100,100,100,100
307,J7,No,Fresh,0,0,0,0,0,24,48,77,91,94,94,97,97,97,97,97,97,97,97,97,97,97,97,97,97,97,97,97,97
308,J7,No,Salt,0,0,0,0,0,28.8,57.6,92.4,100,100,100,100,100,100,100,100,100,100,100,100,100,100,100,100,100,100,100,100,100
309,J8,Yes,Fresh,0.7,1.4,3.5,5.6,7,31,55,84,98,100,100,100,100,100,100,100,100,100,100,100,100,100,100,100,100,100,100,100,100
310,J8,Yes,Salt,0.84,1.68,4.2,6.72,8.4,37.2,66,100,100,100,100,100,100,100,100,100,100,100,100,100,100,100,100,100,100,100,100,100,100
311,J8,No,Fresh,0,0,0,0,0,24,48,77,91,94,94,97,97,97,97,97,97,97,97,97,97,97,97,97,97,97,97,97,97
312,J8,No,Salt,0,0,0,0,0,28.8,57.6,92.4,100,100,100,100,100,100,100,100,100,100,100,100,100,100,100,100,100,100,100,100,100
313,J9,Yes,Fresh,0.7,1.4,3.5,5.6,7,31,55,84,98,100,100,100,100,100,100,100,100,100,100,100,100,100,100,100,100,100,100,100,100
314,J9,Yes,Salt,0.84,1.68,4.2,6.72,8.4,37.2,66,100,100,100,100,100,100,100,100,100,100,100,100,100,100,100,100,100,100,100,100,100,100
315,J9,No,Fresh,0,0,0,0,0,24,48,77,91,94,94,97,97,97,97,97,97,97,97,97,97,97,97,97,97,97,97,97,97
316,J9,No,Salt,0,0,0,0,0,28.8,57.6,92.4,100,100,100,100,100,100,100,100,100,100,100,100,100,100,100,100,100,100,100,100,100
317,K1,Yes,Fresh,0.7,1.4,3.5,5.6,7,30,62,76,84,93,100,100,100,100,100,100,100,100,100,100,100,100,100,100,100,100,100,100,100
318,K1,Yes,Salt,0.84,1.68,4.2,6.72,8.4,36,74.4,91.2,100,100,100,100,100,100,100,100,100,100,100,100,100,100,100,100,100,100,100,100,100
319,K1,No,Fresh,0,0,0,0,0,23,55,69,77,86,94,94,94,94,97,97,97,97,97,97,97,97,97,97,97,97,97,97,97
320,K1,No,Salt,0,0,0,0,0,27.6,66,82.8,92.4,100,100,100,100,100,100,100,100,100,100,100,100,100,100,100,100,100,100,100,100
321,K2,Yes,Fresh,0.7,1.4,3.5,5.6,7,30,62,76,84,93,100,100,100,100,100,100,100,100,100,100,100,100,100,100,100,100,100,100,100
322,K2,Yes,Salt,0.84,1.68,4.2,6.72,8.4,36,74.4,91.2,100,100,100,100,100,100,100,100,100,100,100,100,100,100,100,100,100,100,100,100,100
323,K2,No,Fresh,0,0,0,0,0,23,55,69,77,86,94,94,94,94,97,97,97,97,97,97,97,97,97,97,97,97,97,97,97
324,K2,No,Salt,0,0,0,0,0,27.6,66,82.8,92.4,100,100,100,100,100,100,100,100,100,100,100,100,100,100,100,100,100,100,100,100
325,K3,Yes,Fresh,2.2,4.4,11,17.6,22,27,36,44,51,57,62,69,74,78,82,86,91,95,100,100,100,100,100,100,100,100,100,100,100
326,K3,Yes,Salt,2.64,5.28,13.2,21.12,26.4,32.4,43.2,52.8,61.2,68.4,74.4,82.8,88.8,93.6,98.4,100,100,100,100,100,100,100,100,100,100,100,100,100,100
327,K3,No,Fresh,0,0,0,0,15,20,29,37,44,50,55,62,67,71,75,79,84,88,97,100,100,100,100,100,100,100,100,100,100
328,K3,No,Salt,0,0,0,0,18,24,34.8,44.4,52.8,60,66,74.4,80.4,85.2,90,94.8,100,100,100,100,100,100,100,100,100,100,100,100,100
329,K5,Yes,Fresh,0.7,1.4,3.5,5.6,7,31,55,84,98,100,100,100,100,100,100,100,100,100,100,100,100,100,100,100,100,100,100,100,100
330,K5,Yes,Salt,0.84,1.68,4.2,6.72,8.4,37.2,66,100,100,100,100,100,100,100,100,100,100,100,100,100,100,100,100,100,100,100,100,100,100
331,K5,No,Fresh,0,0,0,0,0,24,48,77,91,94,94,97,97,97,97,97,97,97,97,97,97,97,97,97,97,97,97,97,97
332,K5,No,Salt,0,0,0,0,0,28.8,57.6,92.4,100,100,100,100,100,100,100,100,100,100,100,100,100,100,100,100,100,100,100,100,100
333,K6,Yes,Fresh,0.7,1.4,3.5,5.6,7,30,62,76,84,93,100,100,100,100,100,100,100,100,100,100,100,100,100,100,100,100,100,100,100
334,K6,Yes,Salt,0.84,1.68,4.2,6.72,8.4,36,74.4,91.2,100,100,100,100,100,100,100,100,100,100,100,100,100,100,100,100,100,100,100,100,100
335,K6,No,Fresh,0,0,0,0,0,23,55,69,77,86,94,94,94,94,97,97,97,97,97,97,97,97,97,97,97,97,97,97,97
336,K6,No,Salt,0,0,0,0,0,27.6,66,82.8,92.4,100,100,100,100,100,100,100,100,100,100,100,100,100,100,100,100,100,100,100,100
337,K7,Yes,Fresh,0.7,1.4,3.5,5.6,7,23,41,72,87,89,97,99,99,99,99,99,99,99,99,99,99,99,99,99,99,99,99,99,99
338,K7,Yes,Salt,0.84,1.68,4.2,6.72,8.4,27.6,49.2,86.4,100,100,100,100,100,100,100,100,100,100,100,100,100,100,100,100,100,100,100,100,100
339,K7,No,Fresh,0,0,0,0,0,16,34,65,80,82,90,92,92,92,92,92,92,92,92,92,92,92,92,92,92,92,92,92,92
340,K7,No,Salt,0,0,0,0,0,19.2,40.8,78,96,98.4,100,100,100,100,100,100,100,100,100,100,100,100,100,100,100,100,100,100,100
341,K8,Yes,Fresh,0.7,1.4,3.5,5.6,7,30,62,76,84,93,100,100,100,100,100,100,100,100,100,100,100,100,100,100,100,100,100,100,100
342,K8,Yes,Salt,0.84,1.68,4.2,6.72,8.4,36,74.4,91.2,100,100,100,100,100,100,100,100,100,100,100,100,100,100,100,100,100,100,100,100,100
343,K8,No,Fresh,0,0,0,0,0,23,55,69,77,86,94,94,94,94,97,97,97,97,97,97,97,97,97,97,97,97,97,97,97
344,K8,No,Salt,0,0,0,0,0,27.6,66,82.8,92.4,100,100,100,100,100,100,100,100,100,100,100,100,100,100,100,100,100,100,100,100
345,K9,Yes,Fresh,0.7,1.4,3.5,5.6,7,30,62,76,84,93,100,100,100,100,100,100,100,100,100,100,100,100,100,100,100,100,100,100,100
346,K9,Yes,Salt,0.84,1.68,4.2,6.72,8.4,36,74.4,91.2,100,100,100,100,100,100,100,100,100,100,100,100,100,100,100,100,100,100,100,100,100
347,K9,No,Fresh,0,0,0,0,0,23,55,69,77,86,94,94,94,94,97,97,97,97,97,97,97,97,97,97,97,97,97,97,97
348,K9,No,Salt,0,0,0,0,0,27.6,66,82.8,92.4,100,100,100,100,100,100,100,100,100,100,100,100,100,100,100,100,100,100,100,100
349,O1,Yes,Fresh,0.7,1.4,3.5,5.6,7,19,21,24,26,30,34,38,42,47,52,57,62,66,70,74,78,81,84,87,90,93,96,99,100
350,O1,Yes,Salt,0.84,1.68,4.2,6.72,8.4,22.8,25.2,28.8,31.2,36,40.8,45.6,50.4,56.4,62.4,68.4,74.4,79.2,84,88.8,93.6,97.2,100,100,100,100,100,100,100
351,O1,No,Fresh,0,0,0,0,0,12,14,17,19,23,27,31,35,40,45,50,55,59,63,67,71,74,77,80,83,86,89,92,95
352,O1,No,Salt,0,0,0,0,0,14.4,16.8,20.4,22.8,27.6,32.4,37.2,42,48,54,60,66,70.8,75.6,80.4,85.2,88.8,92.4,96,99.6,100,100,100,100
353,O2,Yes,Fresh,0.7,1.4,3.5,5.6,7,19,21,24,26,30,34,38,42,47,52,57,62,66,70,74,78,81,84,87,90,93,96,99,100
354,O2,Yes,Salt,0.84,1.68,4.2,6.72,8.4,22.8,25.2,28.8,31.2,36,40.8,45.6,50.4,56.4,62.4,68.4,74.4,79.2,84,88.8,93.6,97.2,100,100,100,100,100,100,100
355,O2,No,Fresh,0,0,0,0,0,12,14,17,19,23,27,31,35,40,45,50,55,59,63,67,71,74,77,80,83,86,89,92,95
356,O2,No,Salt,0,0,0,0,0,14.4,16.8,20.4,22.8,27.6,32.4,37.2,42,48,54,60,66,70.8,75.6,80.4,85.2,88.8,92.4,96,99.6,100,100,100,100
357,O3,Yes,Fresh,0.7,1.4,3.5,5.6,7,19,21,24,26,30,34,38,42,47,52,57,62,66,70,74,78,81,84,87,90,93,96,99,100
358,O3,Yes,Salt,0.84,1.68,4.2,6.72,8.4,22.8,25.2,28.8,31.2,36,40.8,45.6,50.4,56.4,62.4,68.4,74.4,79.2,84,88.8,93.6,97.2,100,100,100,100,100,100,100
359,O3,No,Fresh,0,0,0,0,0,12,14,17,19,23,27,31,35,40,45,50,55,59,63,67,71,74,77,80,83,86,89,92,95
360,O3,No,Salt,0,0,0,0,0,14.4,16.8,20.4,22.8,27.6,32.4,37.2,42,48,54,60,66,70.8,75.6,80.4,85.2,88.8,92.4,96,99.6,100,100,100,100
361,O4,Yes,Fresh,0.7,1.4,3.5,5.6,7,19,21,24,26,30,34,38,42,47,52,57,62,66,70,74,78,81,84,87,90,93,96,99,100
362,O4,Yes,Salt,0.84,1.68,4.2,6.72,8.4,22.8,25.2,28.8,31.2,36,40.8,45.6,50.4,56.4,62.4,68.4,74.4,79.2,84,88.8,93.6,97.2,100,100,100,100,100,100,100
363,O4,No,Fresh,0,0,0,0,0,12,14,17,19,23,27,31,35,40,45,50,55,59,63,67,71,74,77,80,83,86,89,92,95
364,O4,No,Salt,0,0,0,0,0,14.4,16.8,20.4,22.8,27.6,32.4,37.2,42,48,54,60,66,70.8,75.6,80.4,85.2,88.8,92.4,96,99.6,100,100,100,100
365,O5,Yes,Fresh,0.7,1.4,3.5,5.6,7,19,21,24,26,30,34,38,42,47,52,57,62,66,70,74,78,81,84,87,90,93,96,99,100
366,O5,Yes,Salt,0.84,1.68,4.2,6.72,8.4,22.8,25.2,28.8,31.2,36,40.8,45.6,50.4,56.4,62.4,68.4,74.4,79.2,84,88.8,93.6,97.2,100,100,100,100,100,100,100
367,O5,No,Fresh,0,0,0,0,0,12,14,17,19,23,27,31,35,40,45,50,55,59,63,67,71,74,77,80,83,86,89,92,95
368,O5,No,Salt,0,0,0,0,0,14.4,16.8,20.4,22.8,27.6,32.4,37.2,42,48,54,60,66,70.8,75.6,80.4,85.2,88.8,92.4,96,99.6,100,100,100,100
369,O6,Yes,Fresh,0.7,1.4,3.5,5.6,7,19,21,24,26,30,34,38,42,47,52,57,62,66,70,74,78,81,84,87,90,93,96,99,100
370,O6,Yes,Salt,0.84,1.68,4.2,6.72,8.4,22.8,25.2,28.8,31.2,36,40.8,45.6,50.4,56.4,62.4,68.4,74.4,79.2,84,88.8,93.6,97.2,100,100,100,100,100,100,100
371,O6,No,Fresh,0,0,0,0,0,12,14,17,19,23,27,31,35,40,45,50,55,59,63,67,71,74,77,80,83,86,89,92,95
372,O6,No,Salt,0,0,0,0,0,14.4,16.8,20.4,22.8,27.6,32.4,37.2,42,48,54,60,66,70.8,75.6,80.4,85.2,88.8,92.4,96,99.6,100,100,100,100
373,O7,Yes,Fresh,0.7,1.4,3.5,5.6,7,19,21,24,26,30,34,38,42,47,52,57,62,66,70,74,78,81,84,87,90,93,96,99,100
374,O7,Yes,Salt,0.84,1.68,4.2,6.72,8.4,22.8,25.2,28.8,31.2,36,40.8,45.6,50.4,56.4,62.4,68.4,74.4,79.2,84,88.8,93.6,97.2,100,100,100,100,100,100,100
375,O7,No,Fresh,0,0,0,0,0,12,14,17,19,23,27,31,35,40,45,50,55,59,63,67,71,74,77,80,83,86,89,92,95
376,O7,No,Salt,0,0,0,0,0,14.4,16.8,20.4,22.8,27.6,32.4,37.2,42,48,54,60,66,70.8,75.6,80.4,85.2,88.8,92.4,96,99.6,100,100,100,100
377,O8,Yes,Fresh,0.7,1.4,3.5,5.6,7,19,21,24,26,30,34,38,42,47,52,57,62,66,70,74,78,81,84,87,90,93,96,99,100
378,O8,Yes,Salt,0.84,1.68,4.2,6.72,8.4,22.8,25.2,28.8,31.2,36,40.8,45.6,50.4,56.4,62.4,68.4,74.4,79.2,84,88.8,93.6,97.2,100,100,100,100,100,100,100
379,O8,No,Fresh,0,0,0,0,0,12,14,17,19,23,27,31,35,40,45,50,55,59,63,67,71,74,77,80,83,86,89,92,95
380,O8,No,Salt,0,0,0,0,0,14.4,16.8,20.4,22.8,27.6,32.4,37.2,42,48,54,60,66,70.8,75.6,80.4,85.2,88.8,92.4,96,99.6,100,100,100,100
381,O9,Yes,Fresh,0.7,1.4,3.5,5.6,7,19,21,24,26,30,34,38,42,47,52,57,62,66,70,74,78,81,84,87,90,93,96,99,100
382,O9,Yes,Salt,0.84,1.68,4.2,6.72,8.4,22.8,25.2,28.8,31.2,36,40.8,45.6,50.4,56.4,62.4,68.4,74.4,79.2,84,88.8,93.6,97.2,100,100,100,100,100,100,100
383,O9,No,Fresh,0,0,0,0,0,12,14,17,19,23,27,31,35,40,45,50,55,59,63,67,71,74,77,80,83,86,89,92,95
384,O9,No,Salt,0,0,0,0,0,14.4,16.8,20.4,22.8,27.6,32.4,37.2,42,48,54,60,66,70.8,75.6,80.4,85.2,88.8,92.4,96,99.6,100,100,100,100
385,P1,Yes,Fresh,1.2,2.4,6,9.6,12,17,20,21,22,22,22,23,25,30,34,44,57,66,73,78,82,85,89,91,93,95,97,99,100
386,P1,Yes,Salt,1.44,2.88,7.2,11.52,14.4,20.4,24,25.2,26.4,26.4,26.4,27.6,30,36,40.8,52.8,68.4,79.2,87.6,93.6,98.4,100,100,100,100,100,100,100,100
387,P1,No,Fresh,0,0,0,0,5,10,13,14,15,15,15,16,18,23,27,37,50,59,66,71,75,78,82,84,86,88,90,92,94
388,P1,No,Salt,0,0,0,0,6,12,15.6,16.8,18,18,18,19.2,21.6,27.6,32.4,44.4,60,70.8,79.2,85.2,90,93.6,98.4,100,100,100,100,100,100
389,R5,Yes,Fresh,1.2,2.4,6,9.6,12,35,36,38,43,44,46,47,48,49,51,53,55,59,62,65,68,71,75,76,77,78,79,80,81
390,R5,Yes,Salt,1.44,2.88,7.2,11.52,14.4,42,43.2,45.6,51.6,52.8,55.2,56.4,57.6,58.8,61.2,63.6,66,70.8,74.4,78,81.6,85.2,90,91.2,92.4,93.6,94.8,96,97.2
391,R5,No,Fresh,0,0,0,0,5,28,29,31,36,37,39,40,41,42,44,46,48,52,55,58,61,64,68,69,70,71,72,73,74
392,R5,No,Salt,0,0,0,0,6,33.6,34.8,37.2,43.2,44.4,46.8,48,49.2,50.4,52.8,55.2,57.6,62.4,66,69.6,73.2,76.8,81.6,82.8,84,85.2,86.4,87.6,88.8
393,RB,Yes,Fresh,1.2,2.4,6,9.6,12,35,36,38,43,44,46,47,48,49,51,53,55,59,62,65,68,71,75,76,77,78,79,80,81
394,RB,Yes,Salt,1.44,2.88,7.2,11.52,14.4,42,43.2,45.6,51.6,52.8,55.2,56.4,57.6,58.8,61.2,63.6,66,70.8,74.4,78,81.6,85.2,90,91.2,92.4,93.6,94.8,96,97.2
395,RB,No,Fresh,0,0,0,0,5,28,29,31,36,37,39,40,41,42,44,46,48,52,55,58,61,64,68,69,70,71,72,73,74
396,RB,No,Salt,0,0,0,0,6,33.6,34.8,37.2,43.2,44.4,46.8,48,49.2,50.4,52.8,55.2,57.6,62.4,66,69.6,73.2,76.8,81.6,82.8,84,85.2,86.4,87.6,88.8
397,RC,Yes,Fresh,1.2,2.4,6,9.6,12,35,36,38,43,44,46,47,48,49,51,53,55,59,62,65,68,71,75,76,77,78,79,80,81
398,RC,Yes,Salt,1.44,2.88,7.2,11.52,14.4,42,43.2,45.6,51.6,52.8,55.2,56.4,57.6,58.8,61.2,63.6,66,70.8,74.4,78,81.6,85.2,90,91.2,92.4,93.6,94.8,96,97.2
399,RC,No,Fresh,0,0,0,0,5,28,29,31,36,37,39,40,41,42,44,46,48,52,55,58,61,64,68,69,70,71,72,73,74
400,RC,No,Salt,0,0,0,0,6,33.6,34.8,37.2,43.2,44.4,46.8,48,49.2,50.4,52.8,55.2,57.6,62.4,66,69.6,73.2,76.8,81.6,82.8,84,85.2,86.4,87.6,88.8
401,RH,Yes,Fresh,0.7,1.4,3.5,5.6,7,8,9,9,9,10,12,13,16,18,22,25,29,33,37,41,46,50,55,60,65,70,75,80,85
402,RH,Yes,Salt,0.84,1.68,4.2,6.72,8.4,9.6,10.8,10.8,10.8,12,14.4,15.6,19.2,21.6,26.4,30,34.8,39.6,44.4,49.2,55.2,60,66,72,78,84,90,96,100
403,RH,No,Fresh,0,0,0,0,0,1,2,2,2,3,5,6,9,11,15,18,22,26,30,34,39,43,48,53,58,63,68,73,78
404,RH,No,Salt,0,0,0,0,0,1.2,2.4,2.4,2.4,3.6,6,7.2,10.8,13.2,18,21.6,26.4,31.2,36,40.8,46.8,51.6,57.6,63.6,69.6,75.6,81.6,87.6,93.6
405,RI,Yes,Fresh,1.2,2.4,6,9.6,12,35,36,38,43,44,46,47,48,49,51,53,55,59,62,65,68,71,75,76,77,78,79,80,81
406,RI,Yes,Salt,1.44,2.88,7.2,11.52,14.4,42,43.2,45.6,51.6,52.8,55.2,56.4,57.6,58.8,61.2,63.6,66,70.8,74.4,78,81.6,85.2,90,91.2,92.4,93.6,94.8,96,97.2
407,RI,No,Fresh,0,0,0,0,5,28,29,31,36,37,39,40,41,42,44,46,48,52,55,58,61,64,68,69,70,71,72,73,74
408,RI,No,Salt,0,0,0,0,6,33.6,34.8,37.2,43.2,44.4,46.8,48,49.2,50.4,52.8,55.2,57.6,62.4,66,69.6,73.2,76.8,81.6,82.8,84,85.2,86.4,87.6,88.8
409,RK,Yes,Fresh,0.7,1.4,3.5,5.6,7,30,62,76,84,93,100,100,100,100,100,100,100,100,100,100,100,100,100,100,100,100,100,100,100
410,RK,Yes,Salt,0.84,1.68,4.2,6.72,8.4,36,74.4,91.2,100,100,100,100,100,100,100,100,100,100,100,100,100,100,100,100,100,100,100,100,100
411,RK,No,Fresh,0,0,0,0,0,23,55,69,77,86,94,94,94,94,97,97,97,97,97,97,97,97,97,97,97,97,97,97,97
412,RK,No,Salt,0,0,0,0,0,27.6,66,82.8,92.4,100,100,100,100,100,100,100,100,100,100,100,100,100,100,100,100,100,100,100,100
413,RS,Yes,Fresh,1.2,2.4,6,9.6,12,35,36,38,43,44,46,47,48,49,51,53,55,59,62,65,68,71,75,76,77,78,79,80,81
414,RS,Yes,Salt,1.44,2.88,7.2,11.52,14.4,42,43.2,45.6,51.6,52.8,55.2,56.4,57.6,58.8,61.2,63.6,66,70.8,74.4,78,81.6,85.2,90,91.2,92.4,93.6,94.8,96,97.2
415,RS,No,Fresh,0,0,0,0,5,28,29,31,36,37,39,40,41,42,44,46,48,52,55,58,61,64,68,69,70,71,72,73,74
416,RS,No,Salt,0,0,0,0,6,33.6,34.8,37.2,43.2,44.4,46.8,48,49.2,50.4,52.8,55.2,57.6,62.4,66,69.6,73.2,76.8,81.6,82.8,84,85.2,86.4,87.6,88.8
417,E1,Yes,Fresh,0.7,1.4,3.5,5.6,7,19,27,34,38,46,53,60,68,75,80,80,80,80,80,80,80,80,80,80,80,80,80,80,80
418,E1,Yes,Salt,0.84,1.68,4.2,6.72,8.4,22.8,32.4,40.8,45.6,55.2,63.6,72,81.6,90,96,96,96,96,96,96,96,96,96,96,96,96,96,96,96
419,E1,No,Fresh,0,0,0,0,0,12,20,27,31,39,46,53,61,68,73,73,73,73,73,73,73,73,73,73,73,73,73,73,73
420,E1,No,Salt,0,0,0,0,0,14.4,24,32.4,37.2,46.8,55.2,63.6,73.2,81.6,87.6,87.6,87.6,87.6,87.6,87.6,87.6,87.6,87.6,87.6,87.6,87.6,87.6,87.6,87.6
421,E2,Yes,Fresh,0.7,1.4,3.5,5.6,7,19,27,34,38,46,53,60,68,75,80,80,80,80,80,80,80,80,80,80,80,80,80,80,80
422,E2,Yes,Salt,0.84,1.68,4.2,6.72,8.4,22.8,32.4,40.8,45.6,55.2,63.6,72,81.6,90,96,96,96,96,96,96,96,96,96,96,96,96,96,96,96
423,E2,No,Fresh,0,0,0,0,0,12,20,27,31,39,46,53,61,68,73,73,73,73,73,73,73,73,73,73,73,73,73,73,73
424,E2,No,Salt,0,0,0,0,0,14.4,24,32.4,37.2,46.8,55.2,63.6,73.2,81.6,87.6,87.6,87.6,87.6,87.6,87.6,87.6,87.6,87.6,87.6,87.6,87.6,87.6,87.6,87.6
425,E3,Yes,Fresh,0.7,1.4,3.5,5.6,7,19,27,34,38,46,53,60,68,75,80,80,80,80,80,80,80,80,80,80,80,80,80,80,80
426,E3,Yes,Salt,0.84,1.68,4.2,6.72,8.4,22.8,32.4,40.8,45.6,55.2,63.6,72,81.6,90,96,96,96,96,96,96,96,96,96,96,96,96,96,96,96
427,E3,No,Fresh,0,0,0,0,0,12,20,27,31,39,46,53,61,68,73,73,73,73,73,73,73,73,73,73,73,73,73,73,73
428,E3,No,Salt,0,0,0,0,0,14.4,24,32.4,37.2,46.8,55.2,63.6,73.2,81.6,87.6,87.6,87.6,87.6,87.6,87.6,87.6,87.6,87.6,87.6,87.6,87.6,87.6,87.6,87.6
429,E7,Yes,Fresh,0.7,1.4,3.5,5.6,7,19,27,34,38,46,53,60,68,75,80,80,80,80,80,80,80,80,80,80,80,80,80,80,80
430,E7,Yes,Salt,0.84,1.68,4.2,6.72,8.4,22.8,32.4,40.8,45.6,55.2,63.6,72,81.6,90,96,96,96,96,96,96,96,96,96,96,96,96,96,96,96
431,E7,No,Fresh,0,0,0,0,0,12,20,27,31,39,46,53,61,68,73,73,73,73,73,73,73,73,73,73,73,73,73,73,73
432,E7,No,Salt,0,0,0,0,0,14.4,24,32.4,37.2,46.8,55.2,63.6,73.2,81.6,87.6,87.6,87.6,87.6,87.6,87.6,87.6,87.6,87.6,87.6,87.6,87.6,87.6,87.6,87.6
433,E9,Yes,Fresh,0.7,1.4,3.5,5.6,7,19,27,34,38,46,53,60,68,75,80,80,80,80,80,80,80,80,80,80,80,80,80,80,80
434,E9,Yes,Salt,0.84,1.68,4.2,6.72,8.4,22.8,32.4,40.8,45.6,55.2,63.6,72,81.6,90,96,96,96,96,96,96,96,96,96,96,96,96,96,96,96
435,E9,No,Fresh,0,0,0,0,0,12,20,27,31,39,46,53,61,68,73,73,73,73,73,73,73,73,73,73,73,73,73,73,73
436,E9,No,Salt,0,0,0,0,0,14.4,24,32.4,37.2,46.8,55.2,63.6,73.2,81.6,87.6,87.6,87.6,87.6,87.6,87.6,87.6,87.6,87.6,87.6,87.6,87.6,87.6,87.6,87.6
437,F1,Yes,Fresh,0.8,1.6,4,6.4,8,17,19,22,26,29,33,37,42,46,49,55,57,58,60,61,62,62,63,63,64,64,64,65,65
438,F1,Yes,Salt,0.96,1.92,4.8,7.68,9.6,20.4,22.8,26.4,31.2,34.8,39.6,44.4,50.4,55.2,58.8,66,68.4,69.6,72,73.2,74.4,74.4,75.6,75.6,76.8,76.8,76.8,78,78
439,F1,No,Fresh,0,0,0,0,1,10,12,15,19,22,26,30,35,39,42,48,50,51,53,54,55,55,56,56,57,57,57,58,58
440,F1,No,Salt,0,0,0,0,1.2,12,14.4,18,22.8,26.4,31.2,36,42,46.8,50.4,57.6,60,61.2,63.6,64.8,66,66,67.2,67.2,68.4,68.4,68.4,69.6,69.6
441,F2,Yes,Fresh,0.7,1.4,3.5,5.6,7,9,10,11,12,13,14,15,15,16,18,21,26,31,38,47,57,67,74,80,86,91,96,100,100
442,F2,Yes,Salt,0.84,1.68,4.2,6.72,8.4,10.8,12,13.2,14.4,15.6,16.8,18,18,19.2,21.6,25.2,31.2,37.2,45.6,56.4,68.4,80.4,88.8,96,100,100,100,100,100
443,F2,No,Fresh,0,0,0,0,0,2,3,4,5,6,7,8,8,9,11,14,19,24,31,40,50,60,67,73,79,84,89,94,99
444,F2,No,Salt,0,0,0,0,0,2.4,3.6,4.8,6,7.2,8.4,9.6,9.6,10.8,13.2,16.8,22.8,28.8,37.2,48,60,72,80.4,87.6,94.8,100,100,100,100
445,F4,Yes,Fresh,0.7,1.4,3.5,5.6,7,20,21,26,29,32,35,37,40,41,43,46,47,49,49,50,50,51,51,51,51,51,52,52,52
446,F4,Yes,Salt,0.84,1.68,4.2,6.72,8.4,24,25.2,31.2,34.8,38.4,42,44.4,48,49.2,51.6,55.2,56.4,58.8,58.8,60,60,61.2,61.2,61.2,61.2,61.2,62.4,62.4,62.4
447,F4,No,Fresh,0,0,0,0,0,13,14,19,22,25,28,30,33,34,36,39,40,42,42,43,43,44,44,44,44,44,45,45,45
448,F4,No,Salt,0,0,0,0,0,15.6,16.8,22.8,26.4,30,33.6,36,39.6,40.8,43.2,46.8,48,50.4,50.4,51.6,51.6,52.8,52.8,52.8,52.8,52.8,54,54,54
449,F5,Yes,Fresh,0.8,1.6,4,6.4,8,16,21,24,29,33,37,39,42,44,46,50,53,55,57,58,61,62,64,66,67,69,70,72,73
450,F5,Yes,Salt,0.96,1.92,4.8,7.68,9.6,19.2,25.2,28.8,34.8,39.6,44.4,46.8,50.4,52.8,55.2,60,63.6,66,68.4,69.6,73.2,74.4,76.8,79.2,80.4,82.8,84,86.4,87.6
451,F5,No,Fresh,0,0,0,0,1,9,14,17,22,26,30,32,35,37,39,43,46,48,50,51,54,55,57,59,60,62,63,65,66
452,F5,No,Salt,0,0,0,0,1.2,10.8,16.8,20.4,26.4,31.2,36,38.4,42,44.4,46.8,51.6,55.2,57.6,60,61.2,64.8,66,68.4,70.8,72,74.4,75.6,78,79.2
453,F8,Yes,Fresh,0.7,1.4,3.5,5.6,7,9,9,9,9,9,9,9,9,9,9,9,9,9,9,9,9,9,9,9,9,9,9,9,9
454,F8,Yes,Salt,0.84,1.68,4.2,6.72,8.4,10.8,10.8,10.8,10.8,10.8,10.8,10.8,10.8,10.8,10.8,10.8,10.8,10.8,10.8,10.8,10.8,10.8,10.8,10.8,10.8,10.8,10.8,10.8,10.8
455,F8,No,Fresh,0,0,0,0,0,2,2,2,2,2,2,2,2,2,2,2,2,2,2,2,2,2,2,2,2,2,2,2,2
456,F8,No,Salt,0,0,0,0,0,2.4,2.4,2.4,2.4,2.4,2.4,2.4,2.4,2.4,2.4,2.4,2.4,2.4,2.4,2.4,2.4,2.4,2.4,2.4,2.4,2.4,2.4,2.4,2.4
457,F9,Yes,Fresh,0.7,1.4,3.5,5.6,7,20,21,26,29,32,35,37,40,41,43,46,47,49,49,50,50,51,51,51,51,51,52,52,52
458,F9,Yes,Salt,0.84,1.68,4.2,6.72,8.4,24,25.2,31.2,34.8,38.4,42,44.4,48,49.2,51.6,55.2,56.4,58.8,58.8,60,60,61.2,61.2,61.2,61.2,61.2,62.4,62.4,62.4
459,F9,No,Fresh,0,0,0,0,0,13,14,19,22,25,28,30,33,34,36,39,40,42,42,43,43,44,44,44,44,44,45,45,45
460,F9,No,Salt,0,0,0,0,0,15.6,16.8,22.8,26.4,30,33.6,36,39.6,40.8,43.2,46.8,48,50.4,50.4,51.6,51.6,52.8,52.8,52.8,52.8,52.8,54,54,54
461,L1,Yes,Fresh,0.7,1.4,3.5,5.6,7,9,10,11,12,13,14,15,15,16,18,21,26,31,38,47,57,67,74,80,86,91,96,100,100
462,L1,Yes,Salt,0.84,1.68,4.2,6.72,8.4,10.8,12,13.2,14.4,15.6,16.8,18,18,19.2,21.6,25.2,31.2,37.2,45.6,56.4,68.4,80.4,88.8,96,100,100,100,100,100
463,L1,No,Fresh,0,0,0,0,0,2,3,4,5,6,7,8,8,9,11,14,19,24,31,40,50,60,67,73,79,84,89,94,99
464,L1,No,Salt,0,0,0,0,0,2.4,3.6,4.8,6,7.2,8.4,9.6,9.6,10.8,13.2,16.8,22.8,28.8,37.2,48,60,72,80.4,87.6,94.8,100,100,100,100
465,L2,Yes,Fresh,0.7,1.4,3.5,5.6,7,9,10,11,12,13,14,15,15,16,18,21,26,31,38,47,57,67,74,80,86,91,96,100,100
466,L2,Yes,Salt,0.84,1.68,4.2,6.72,8.4,10.8,12,13.2,14.4,15.6,16.8,18,18,19.2,21.6,25.2,31.2,37.2,45.6,56.4,68.4,80.4,88.8,96,100,100,100,100,100
467,L2,No,Fresh,0,0,0,0,0,2,3,4,5,6,7,8,8,9,11,14,19,24,31,40,50,60,67,73,79,84,89,94,99
468,L2,No,Salt,0,0,0,0,0,2.4,3.6,4.8,6,7.2,8.4,9.6,9.6,10.8,13.2,16.8,22.8,28.8,37.2,48,60,72,80.4,87.6,94.8,100,100,100,100
469,L3,Yes,Fresh,0.7,1.4,3.5,5.6,7,9,10,11,12,13,14,15,15,16,18,21,26,31,38,47,57,67,74,80,86,91,96,100,100
470,L3,Yes,Salt,0.84,1.68,4.2,6.72,8.4,10.8,12,13.2,14.4,15.6,16.8,18,18,19.2,21.6,25.2,31.2,37.2,45.6,56.4,68.4,80.4,88.8,96,100,100,100,100,100
471,L3,No,Fresh,0,0,0,0,0,2,3,4,5,6,7,8,8,9,11,14,19,24,31,40,50,60,67,73,79,84,89,94,99
472,L3,No,Salt,0,0,0,0,0,2.4,3.6,4.8,6,7.2,8.4,9.6,9.6,10.8,13.2,16.8,22.8,28.8,37.2,48,60,72,80.4,87.6,94.8,100,100,100,100
473,L8,Yes,Fresh,0.7,1.4,3.5,5.6,7,9,10,11,12,13,14,15,15,16,18,21,26,31,38,47,57,67,74,80,86,91,96,100,100
474,L8,Yes,Salt,0.84,1.68,4.2,6.72,8.4,10.8,12,13.2,14.4,15.6,16.8,18,18,19.2,21.6,25.2,31.2,37.2,45.6,56.4,68.4,80.4,88.8,96,100,100,100,100,100
475,L8,No,Fresh,0,0,0,0,0,2,3,4,5,6,7,8,8,9,11,14,19,24,31,40,50,60,67,73,79,84,89,94,99
476,L8,No,Salt,0,0,0,0,0,2.4,3.6,4.8,6,7.2,8.4,9.6,9.6,10.8,13.2,16.8,22.8,28.8,37.2,48,60,72,80.4,87.6,94.8,100,100,100,100
477,L9,Yes,Fresh,0.7,1.4,3.5,5.6,7,9,10,11,12,13,14,15,15,16,18,21,26,31,38,47,57,67,74,80,86,91,96,100,100
478,L9,Yes,Salt,0.84,1.68,4.2,6.72,8.4,10.8,12,13.2,14.4,15.6,16.8,18,18,19.2,21.6,25.2,31.2,37.2,45.6,56.4,68.4,80.4,88.8,96,100,100,100,100,100
479,L9,No,Fresh,0,0,0,0,0,2,3,4,5,6,7,8,8,9,11,14,19,24,31,40,50,60,67,73,79,84,89,94,99
480,L9,No,Salt,0,0,0,0,0,2.4,3.6,4.8,6,7.2,8.4,9.6,9.6,10.8,13.2,16.8,22.8,28.8,37.2,48,60,72,80.4,87.6,94.8,100,100,100,100
481,RW,Yes,Fresh,1.2,2.4,6,9.6,12,35,36,38,43,44,46,47,48,49,51,53,55,59,62,65,68,71,75,76,77,78,79,80,81
482,RW,Yes,Salt,1.44,2.88,7.2,11.52,14.4,42,43.2,45.6,51.6,52.8,55.2,56.4,57.6,58.8,61.2,63.6,66,70.8,74.4,78,81.6,85.2,90,91.2,92.4,93.6,94.8,96,97.2
483,RW,No,Fresh,0,0,0,0,5,28,29,31,36,37,39,40,41,42,44,46,48,52,55,58,61,64,68,69,70,71,72,73,74
484,RW,No,Salt,0,0,0,0,6,33.6,34.8,37.2,43.2,44.4,46.8,48,49.2,50.4,52.8,55.2,57.6,62.4,66,69.6,73.2,76.8,81.6,82.8,84,85.2,86.4,87.6,88.8
485,G3,Yes,Fresh,0.7,1.4,3.5,5.6,7,34,86,94,97,100,100,100,100,100,100,100,100,100,100,100,100,100,100,100,100,100,100,100,100
486,G3,Yes,Salt,0.84,1.68,4.2,6.72,8.4,40.8,100,100,100,100,100,100,100,100,100,100,100,100,100,100,100,100,100,100,100,100,100,100,100
487,G3,No,Fresh,0,0,0,0,0,27,79,87,90,96,96,96,96,96,96,96,96,96,96,96,96,96,96,96,96,96,96,96,96
488,G3,No,Salt,0,0,0,0,0,32.4,94.8,100,100,100,100,100,100,100,100,100,100,100,100,100,100,100,100,100,100,100,100,100,100
489,G4,Yes,Fresh,0.7,1.4,3.5,5.6,7,34,86,94,97,100,100,100,100,100,100,100,100,100,100,100,100,100,100,100,100,100,100,100,100
490,G4,Yes,Salt,0.84,1.68,4.2,6.72,8.4,40.8,100,100,100,100,100,100,100,100,100,100,100,100,100,100,100,100,100,100,100,100,100,100,100
491,G4,No,Fresh,0,0,0,0,0,27,79,87,90,96,96,96,96,96,96,96,96,96,96,96,96,96,96,96,96,96,96,96,96
492,G4,No,Salt,0,0,0,0,0,32.4,94.8,100,100,100,100,100,100,100,100,100,100,100,100,100,100,100,100,100,100,100,100,100,100
493,G5,Yes,Fresh,0.7,1.4,3.5,5.6,7,34,86,94,97,100,100,100,100,100,100,100,100,100,100,100,100,100,100,100,100,100,100,100,100
494,G5,Yes,Salt,0.84,1.68,4.2,6.72,8.4,40.8,100,100,100,100,100,100,100,100,100,100,100,100,100,100,100,100,100,100,100,100,100,100,100
495,G5,No,Fresh,0,0,0,0,0,27,79,87,90,96,96,96,96,96,96,96,96,96,96,96,96,96,96,96,96,96,96,96,96
496,G5,No,Salt,0,0,0,0,0,32.4,94.8,100,100,100,100,100,100,100,100,100,100,100,100,100,100,100,100,100,100,100,100,100,100
497,G9,Yes,Fresh,0.7,1.4,3.5,5.6,7,34,86,94,97,100,100,100,100,100,100,100,100,100,100,100,100,100,100,100,100,100,100,100,100
498,G9,Yes,Salt,0.84,1.68,4.2,6.72,8.4,40.8,100,100,100,100,100,100,100,100,100,100,100,100,100,100,100,100,100,100,100,100,100,100,100
499,G9,No,Fresh,0,0,0,0,0,27,79,87,90,96,96,96,96,96,96,96,96,96,96,96,96,96,96,96,96,96,96,96,96
500,G9,No,Salt,0,0,0,0,0,32.4,94.8,100,100,100,100,100,100,100,100,100,100,100,100,100,100,100,100,100,100,100,100,100,100
501,T1,Yes,Fresh,,,,,,,,,,,,,,,,,,,,,,,,,,,,,
502,T1,Yes,Salt,,,,,,,,,,,,,,,,,,,,,,,,,,,,,
503,T1,No,Fresh,,,,,,,,,,,,,,,,,,,,,,,,,,,,,
504,T1,No,Salt,,,,,,,,,,,,,,,,,,,,,,,,,,,,,
505,T2,Yes,Fresh,,,,,,,,,,,,,,,,,,,,,,,,,,,,,
506,T2,Yes,Salt,,,,,,,,,,,,,,,,,,,,,,,,,,,,,
507,T2,No,Fresh,,,,,,,,,,,,,,,,,,,,,,,,,,,,,
508,T2,No,Salt,,,,,,,,,,,,,,,,,,,,,,,,,,,,,
509,T9,Yes,Fresh,,,,,,,,,,,,,,,,,,,,,,,,,,,,,
510,T9,Yes,Salt,,,,,,,,,,,,,,,,,,,,,,,,,,,,,
511,T9,No,Fresh,,,,,,,,,,,,,,,,,,,,,,,,,,,,,
512,T9,No,Salt,,,,,,,,,,,,,,,,,,,,,,,,,,,,,
513,U0,Yes,Fresh,,,,,,,,,,,,,,,,,,,,,,,,,,,,,
514,U0,Yes,Salt,,,,,,,,,,,,,,,,,,,,,,,,,,,,,
515,U0,No,Fresh,,,,,,,,,,,,,,,,,,,,,,,,,,,,,
516,U0,No,Salt,,,,,,,,,,,,,,,,,,,,,,,,,,,,,
517,U1,Yes,Fresh,,,,,,,,,,,,,,,,,,,,,,,,,,,,,
518,U1,Yes,Salt,,,,,,,,,,,,,,,,,,,,,,,,,,,,,
519,U1,No,Fresh,,,,,,,,,,,,,,,,,,,,,,,,,,,,,
520,U1,No,Salt,,,,,,,,,,,,,,,,,,,,,,,,,,,,,
521,U2,Yes,Fresh,,,,,,,,,,,,,,,,,,,,,,,,,,,,,
522,U2,Yes,Salt,,,,,,,,,,,,,,,,,,,,,,,,,,,,,
523,U2,No,Fresh,,,,,,,,,,,,,,,,,,,,,,,,,,,,,
524,U2,No,Salt,,,,,,,,,,,,,,,,,,,,,,,,,,,,,
525,U4,Yes,Fresh,,,,,,,,,,,,,,,,,,,,,,,,,,,,,
526,U4,Yes,Salt,,,,,,,,,,,,,,,,,,,,,,,,,,,,,
527,U4,No,Fresh,,,,,,,,,,,,,,,,,,,,,,,,,,,,,
528,U4,No,Salt,,,,,,,,,,,,,,,,,,,,,,,,,,,,,
529,U5,Yes,Fresh,,,,,,,,,,,,,,,,,,,,,,,,,,,,,
530,U5,Yes,Salt,,,,,,,,,,,,,,,,,,,,,,,,,,,,,
531,U5,No,Fresh,,,,,,,,,,,,,,,,,,,,,,,,,,,,,
532,U5,No,Salt,,,,,,,,,,,,,,,,,,,,,,,,,,,,,
533,U6,Yes,Fresh,,,,,,,,,,,,,,,,,,,,,,,,,,,,,
534,U6,Yes,Salt,,,,,,,,,,,,,,,,,,,,,,,,,,,,,
535,U6,No,Fresh,,,,,,,,,,,,,,,,,,,,,,,,,,,,,
536,U6,No,Salt,,,,,,,,,,,,,,,,,,,,,,,,,,,,,
537,U7,Yes,Fresh,,,,,,,,,,,,,,,,,,,,,,,,,,,,,
538,U7,Yes,Salt,,,,,,,,,,,,,,,,,,,,,,,,,,,,,
539,U7,No,Fresh,,,,,,,,,,,,,,,,,,,,,,,,,,,,,
540,U7,No,Salt,,,,,,,,,,,,,,,,,,,,,,,,,,,,,
541,U8,Yes,Fresh,,,,,,,,,,,,,,,,,,,,,,,,,,,,,
542,U8,Yes,Salt,,,,,,,,,,,,,,,,,,,,,,,,,,,,,
543,U8,No,Fresh,,,,,,,,,,,,,,,,,,,,,,,,,,,,,
544,U8,No,Salt,,,,,,,,,,,,,,,,,,,,,,,,,,,,,
545,U9,Yes,Fresh,,,,,,,,,,,,,,,,,,,,,,,,,,,,,
546,U9,Yes,Salt,,,,,,,,,,,,,,,,,,,,,,,,,,,,,
547,U9,No,Fresh,,,,,,,,,,,,,,,,,,,,,,,,,,,,,
548,U9,No,Salt,,,,,,,,,,,,,,,,,,,,,,,,,,,,,
549,Y6,Yes,Fresh,0.7,1.4,3.5,5.6,7,12,15,20,21,21,22,24,26,29,33,38,44,51,58,66,72,77,81,86,90,94,98,100,100
550,Y6,Yes,Salt,0.84,1.68,4.2,6.72,8.4,14.4,18,24,25.2,25.2,26.4,28.8,31.2,34.8,39.6,45.6,52.8,61.2,69.6,79.2,86.4,92.4,97.2,100,100,100,100,100,100
551,Y6,No,Fresh,0,0,0,0,0,5,8,13,14,14,15,17,19,22,26,31,37,44,51,59,65,70,74,79,83,87,91,95,98
552,Y6,No,Salt,0,0,0,0,0,6,9.6,15.6,16.8,16.8,18,20.4,22.8,26.4,31.2,37.2,44.4,52.8,61.2,70.8,78,84,88.8,94.8,99.6,100,100,100,100
553,Y7,Yes,Fresh,0.7,1.4,3.5,5.6,7,12,15,20,21,21,22,24,26,29,33,38,44,51,58,66,72,77,81,86,90,94,98,100,100
554,Y7,Yes,Salt,0.84,1.68,4.2,6.72,8.4,14.4,18,24,25.2,25.2,26.4,28.8,31.2,34.8,39.6,45.6,52.8,61.2,69.6,79.2,86.4,92.4,97.2,100,100,100,100,100,100
555,Y7,No,Fresh,0,0,0,0,0,5,8,13,14,14,15,17,19,22,26,31,37,44,51,59,65,70,74,79,83,87,91,95,98
556,Y7,No,Salt,0,0,0,0,0,6,9.6,15.6,16.8,16.8,18,20.4,22.8,26.4,31.2,37.2,44.4,52.8,61.2,70.8,78,84,88.8,94.8,99.6,100,100,100,100
557,Y8,Yes,Fresh,0.7,1.4,3.5,5.6,7,12,15,20,21,21,22,24,26,29,33,38,44,51,58,66,72,77,81,86,90,94,98,100,100
558,Y8,Yes,Salt,0.84,1.68,4.2,6.72,8.4,14.4,18,24,25.2,25.2,26.4,28.8,31.2,34.8,39.6,45.6,52.8,61.2,69.6,79.2,86.4,92.4,97.2,100,100,100,100,100,100
559,Y8,No,Fresh,0,0,0,0,0,5,8,13,14,14,15,17,19,22,26,31,37,44,51,59,65,70,74,79,83,87,91,95,98
560,Y8,No,Salt,0,0,0,0,0,6,9.6,15.6,16.8,16.8,18,20.4,22.8,26.4,31.2,37.2,44.4,52.8,61.2,70.8,78,84,88.8,94.8,99.6,100,100,100,100
561,Y9,Yes,Fresh,0.7,1.4,3.5,5.6,7,12,15,20,21,21,22,24,26,29,33,38,44,51,58,66,72,77,81,86,90,94,98,100,100
562,Y9,Yes,Salt,0.84,1.68,4.2,6.72,8.4,14.4,18,24,25.2,25.2,26.4,28.8,31.2,34.8,39.6,45.6,52.8,61.2,69.6,79.2,86.4,92.4,97.2,100,100,100,100,100,100
563,Y9,No,Fresh,0,0,0,0,0,5,8,13,14,14,15,17,19,22,26,31,37,44,51,59,65,70,74,79,83,87,91,95,98
564,Y9,No,Salt,0,0,0,0,0,6,9.6,15.6,16.8,16.8,18,20.4,22.8,26.4,31.2,37.2,44.4,52.8,61.2,70.8,78,84,88.8,94.8,99.6,100,100,100,100
565,H8,Yes,Fresh,1.2,2.4,6,9.6,12,35,36,38,43,44,46,47,48,49,51,53,55,59,62,65,68,71,75,76,77,78,79,80,81
566,H8,Yes,Salt,1.44,2.88,7.2,11.52,14.4,42,43.2,45.6,51.6,52.8,55.2,56.4,57.6,58.8,61.2,63.6,66,70.8,74.4,78,81.6,85.2,90,91.2,92.4,93.6,94.8,96,97.2
567,H8,No,Fresh,0,0,0,0,5,28,29,31,36,37,39,40,41,42,44,46,48,52,55,58,61,64,68,69,70,71,72,73,74
568,H8,No,Salt,0,0,0,0,6,33.6,34.8,37.2,43.2,44.4,46.8,48,49.2,50.4,52.8,55.2,57.6,62.4,66,69.6,73.2,76.8,81.6,82.8,84,85.2,86.4,87.6,88.8
569,I1,Yes,Fresh,0.7,1.4,3.5,5.6,7,7,7,27,32,37,42,47,50,54,57,60,62,64,67,67,67,67,67,67,67,67,67,67,67
570,I1,Yes,Salt,0.84,1.68,4.2,6.72,8.4,8.4,8.4,32.4,38.4,44.4,50.4,56.4,60,64.8,68.4,72,74.4,76.8,80.4,80.4,80.4,80.4,80.4,80.4,80.4,80.4,80.4,80.4,80.4
571,I1,No,Fresh,0,0,0,0,0,0,0,20,25,30,35,40,43,47,50,53,55,57,60,60,60,60,60,60,60,60,60,60,60
572,I1,No,Salt,0,0,0,0,0,0,0,24,30,36,42,48,51.6,56.4,60,63.6,66,68.4,72,72,72,72,72,72,72,72,72,72,72
573,I2,Yes,Fresh,0.7,1.4,3.5,5.6,7,7,7,27,32,37,42,47,50,54,57,60,62,64,67,67,67,67,67,67,67,67,67,67,67
574,I2,Yes,Salt,0.84,1.68,4.2,6.72,8.4,8.4,8.4,32.4,38.4,44.4,50.4,56.4,60,64.8,68.4,72,74.4,76.8,80.4,80.4,80.4,80.4,80.4,80.4,80.4,80.4,80.4,80.4,80.4
575,I2,No,Fresh,0,0,0,0,0,0,0,20,25,30,35,40,43,47,50,53,55,57,60,60,60,60,60,60,60,60,60,60,60
576,I2,No,Salt,0,0,0,0,0,0,0,24,30,36,42,48,51.6,56.4,60,63.6,66,68.4,72,72,72,72,72,72,72,72,72,72,72
577,I3,Yes,Fresh,0.7,1.4,3.5,5.6,7,7,7,27,32,37,42,47,50,54,57,60,62,64,67,67,67,67,67,67,67,67,67,67,67
578,I3,Yes,Salt,0.84,1.68,4.2,6.72,8.4,8.4,8.4,32.4,38.4,44.4,50.4,56.4,60,64.8,68.4,72,74.4,76.8,80.4,80.4,80.4,80.4,80.4,80.4,80.4,80.4,80.4,80.4,80.4
579,I3,No,Fresh,0,0,0,0,0,0,0,20,25,30,35,40,43,47,50,53,55,57,60,60,60,60,60,60,60,60,60,60,60
580,I3,No,Salt,0,0,0,0,0,0,0,24,30,36,42,48,51.6,56.4,60,63.6,66,68.4,72,72,72,72,72,72,72,72,72,72,72
581,I4,Yes,Fresh,0.7,1.4,3.5,5.6,7,7,7,27,32,37,42,47,50,54,57,60,62,64,67,67,67,67,67,67,67,67,67,67,67
582,I4,Yes,Salt,0.84,1.68,4.2,6.72,8.4,8.4,8.4,32.4,38.4,44.4,50.4,56.4,60,64.8,68.4,72,74.4,76.8,80.4,80.4,80.4,80.4,80.4,80.4,80.4,80.4,80.4,80.4,80.4
583,I4,No,Fresh,0,0,0,0,0,0,0,20,25,30,35,40,43,47,50,53,55,57,60,60,60,60,60,60,60,60,60,60,60
584,I4,No,Salt,0,0,0,0,0,0,0,24,30,36,42,48,51.6,56.4,60,63.6,66,68.4,72,72,72,72,72,72,72,72,72,72,72
585,I5,Yes,Fresh,0.7,1.4,3.5,5.6,7,7,7,27,32,37,42,47,50,54,57,60,62,64,67,67,67,67,67,67,67,67,67,67,67
586,I5,Yes,Salt,0.84,1.68,4.2,6.72,8.4,8.4,8.4,32.4,38.4,44.4,50.4,56.4,60,64.8,68.4,72,74.4,76.8,80.4,80.4,80.4,80.4,80.4,80.4,80.4,80.4,80.4,80.4,80.4
587,I5,No,Fresh,0,0,0,0,0,0,0,20,25,30,35,40,43,47,50,53,55,57,60,60,60,60,60,60,60,60,60,60,60
588,I5,No,Salt,0,0,0,0,0,0,0,24,30,36,42,48,51.6,56.4,60,63.6,66,68.4,72,72,72,72,72,72,72,72,72,72,72
589,I6,Yes,Fresh,0.7,1.4,3.5,5.6,7,14,17,21,22,22,23,25,27,30,33,37,41,45,49,54,59,64,69,74,79,84,89,94,99
590,I6,Yes,Salt,0.84,1.68,4.2,6.72,8.4,16.8,20.4,25.2,26.4,26.4,27.6,30,32.4,36,39.6,44.4,49.2,54,58.8,64.8,70.8,76.8,82.8,88.8,94.8,100,100,100,100
591,I6,No,Fresh,0,0,0,0,0,7,10,14,15,15,16,18,20,23,26,30,34,38,42,47,52,57,62,67,72,77,82,87,92
592,I6,No,Salt,0,0,0,0,0,8.4,12,16.8,18,18,19.2,21.6,24,27.6,31.2,36,40.8,45.6,50.4,56.4,62.4,68.4,74.4,80.4,86.4,92.4,98.4,100,100
593,I7,Yes,Fresh,0.7,1.4,3.5,5.6,7,14,17,21,22,22,23,25,27,30,33,37,41,45,49,54,59,64,69,74,79,84,89,94,99
594,I7,Yes,Salt,0.84,1.68,4.2,6.72,8.4,16.8,20.4,25.2,26.4,26.4,27.6,30,32.4,36,39.6,44.4,49.2,54,58.8,64.8,70.8,76.8,82.8,88.8,94.8,100,100,100,100
595,I7,No,Fresh,0,0,0,0,0,7,10,14,15,15,16,18,20,23,26,30,34,38,42,47,52,57,62,67,72,77,82,87,92
596,I7,No,Salt,0,0,0,0,0,8.4,12,16.8,18,18,19.2,21.6,24,27.6,31.2,36,40.8,45.6,50.4,56.4,62.4,68.4,74.4,80.4,86.4,92.4,98.4,100,100
597,I9,Yes,Fresh,0.7,1.4,3.5,5.6,7,14,17,21,22,22,23,25,27,30,33,37,41,45,49,54,59,64,69,74,79,84,89,94,99
598,I9,Yes,Salt,0.84,1.68,4.2,6.72,8.4,16.8,20.4,25.2,26.4,26.4,27.6,30,32.4,36,39.6,44.4,49.2,54,58.8,64.8,70.8,76.8,82.8,88.8,94.8,100,100,100,100
599,I9,No,Fresh,0,0,0,0,0,7,10,14,15,15,16,18,20,23,26,30,34,38,42,47,52,57,62,67,72,77,82,87,92
600,I9,No,Salt,0,0,0,0,0,8.4,12,16.8,18,18,19.2,21.6,24,27.6,31.2,36,40.8,45.6,50.4,56.4,62.4,68.4,74.4,80.4,86.4,92.4,98.4,100,100
601,M1,Yes,Fresh,1.9,3.8,9.5,15.2,19,24,26,29,32,35,39,44,50,55,60,65,70,75,80,85,90,95,100,100,100,100,100,100,100
602,M1,Yes,Salt,2.28,4.56,11.4,18.24,22.8,28.8,31.2,34.8,38.4,42,46.8,52.8,60,66,72,78,84,90,96,100,100,100,100,100,100,100,100,100,100
603,M1,No,Fresh,0,0,0,0,12,17,19,22,25,28,32,37,43,48,53,58,63,68,73,78,83,88,93,98,100,100,100,100,100
604,M1,No,Salt,0,0,0,0,14.4,20.4,22.8,26.4,30,33.6,38.4,44.4,51.6,57.6,63.6,69.6,75.6,81.6,87.6,93.6,99.6,100,100,100,100,100,100,100,100
605,M2,Yes,Fresh,1.9,3.8,9.5,15.2,19,24,26,29,32,35,39,44,50,55,60,65,70,75,80,85,90,95,100,100,100,100,100,100,100
606,M2,Yes,Salt,2.28,4.56,11.4,18.24,22.8,28.8,31.2,34.8,38.4,42,46.8,52.8,60,66,72,78,84,90,96,100,100,100,100,100,100,100,100,100,100
607,M2,No,Fresh,0,0,0,0,12,17,19,22,25,28,32,37,43,48,53,58,63,68,73,78,83,88,93,98,100,100,100,100,100
608,M2,No,Salt,0,0,0,0,14.4,20.4,22.8,26.4,30,33.6,38.4,44.4,51.6,57.6,63.6,69.6,75.6,81.6,87.6,93.6,99.6,100,100,100,100,100,100,100,100
609,M3,Yes,Fresh,1.9,3.8,9.5,15.2,19,24,26,29,32,35,39,44,50,55,60,65,70,75,80,85,90,95,100,100,100,100,100,100,100
610,M3,Yes,Salt,2.28,4.56,11.4,18.24,22.8,28.8,31.2,34.8,38.4,42,46.8,52.8,60,66,72,78,84,90,96,100,100,100,100,100,100,100,100,100,100
611,M3,No,Fresh,0,0,0,0,12,17,19,22,25,28,32,37,43,48,53,58,63,68,73,78,83,88,93,98,100,100,100,100,100
612,M3,No,Salt,0,0,0,0,14.4,20.4,22.8,26.4,30,33.6,38.4,44.4,51.6,57.6,63.6,69.6,75.6,81.6,87.6,93.6,99.6,100,100,100,100,100,100,100,100
613,M4,Yes,Fresh,1.9,3.8,9.5,15.2,19,24,26,29,32,35,39,44,50,55,60,65,70,75,80,85,90,95,100,100,100,100,100,100,100
614,M4,Yes,Salt,2.28,4.56,11.4,18.24,22.8,28.8,31.2,34.8,38.4,42,46.8,52.8,60,66,72,78,84,90,96,100,100,100,100,100,100,100,100,100,100
615,M4,No,Fresh,0,0,0,0,12,17,19,22,25,28,32,37,43,48,53,58,63,68,73,78,83,88,93,98,100,100,100,100,100
616,M4,No,Salt,0,0,0,0,14.4,20.4,22.8,26.4,30,33.6,38.4,44.4,51.6,57.6,63.6,69.6,75.6,81.6,87.6,93.6,99.6,100,100,100,100,100,100,100,100
617,M9,Yes,Fresh,1.9,3.8,9.5,15.2,19,24,26,29,32,35,39,44,50,55,60,65,70,75,80,85,90,95,100,100,100,100,100,100,100
618,M9,Yes,Salt,2.28,4.56,11.4,18.24,22.8,28.8,31.2,34.8,38.4,42,46.8,52.8,60,66,72,78,84,90,96,100,100,100,100,100,100,100,100,100,100
619,M9,No,Fresh,0,0,0,0,12,17,19,22,25,28,32,37,43,48,53,58,63,68,73,78,83,88,93,98,100,100,100,100,100
620,M9,No,Salt,0,0,0,0,14.4,20.4,22.8,26.4,30,33.6,38.4,44.4,51.6,57.6,63.6,69.6,75.6,81.6,87.6,93.6,99.6,100,100,100,100,100,100,100,100
621,N1,Yes,Fresh,1.2,2.4,6,9.6,12,35,36,38,43,44,46,47,48,49,51,53,55,59,62,65,68,71,75,76,77,78,79,80,81
622,N1,Yes,Salt,1.44,2.88,7.2,11.52,14.4,42,43.2,45.6,51.6,52.8,55.2,56.4,57.6,58.8,61.2,63.6,66,70.8,74.4,78,81.6,85.2,90,91.2,92.4,93.6,94.8,96,97.2
623,N1,No,Fresh,0,0,0,0,5,28,29,31,36,37,39,40,41,42,44,46,48,52,55,58,61,64,68,69,70,71,72,73,74
624,N1,No,Salt,0,0,0,0,6,33.6,34.8,37.2,43.2,44.4,46.8,48,49.2,50.4,52.8,55.2,57.6,62.4,66,69.6,73.2,76.8,81.6,82.8,84,85.2,86.4,87.6,88.8
625,N2,Yes,Fresh,1.2,2.4,6,9.6,12,35,36,38,43,44,46,47,48,49,51,53,55,59,62,65,68,71,75,76,77,78,79,80,81
626,N2,Yes,Salt,1.44,2.88,7.2,11.52,14.4,42,43.2,45.6,51.6,52.8,55.2,56.4,57.6,58.8,61.2,63.6,66,70.8,74.4,78,81.6,85.2,90,91.2,92.4,93.6,94.8,96,97.2
627,N2,No,Fresh,0,0,0,0,5,28,29,31,36,37,39,40,41,42,44,46,48,52,55,58,61,64,68,69,70,71,72,73,74
628,N2,No,Salt,0,0,0,0,6,33.6,34.8,37.2,43.2,44.4,46.8,48,49.2,50.4,52.8,55.2,57.6,62.4,66,69.6,73.2,76.8,81.6,82.8,84,85.2,86.4,87.6,88.8
629,N3,Yes,Fresh,1.2,2.4,6,9.6,12,35,36,38,43,44,46,47,48,49,51,53,55,59,62,65,68,71,75,76,77,78,79,80,81
630,N3,Yes,Salt,1.44,2.88,7.2,11.52,14.4,42,43.2,45.6,51.6,52.8,55.2,56.4,57.6,58.8,61.2,63.6,66,70.8,74.4,78,81.6,85.2,90,91.2,92.4,93.6,94.8,96,97.2
631,N3,No,Fresh,0,0,0,0,5,28,29,31,36,37,39,40,41,42,44,46,48,52,55,58,61,64,68,69,70,71,72,73,74
632,N3,No,Salt,0,0,0,0,6,33.6,34.8,37.2,43.2,44.4,46.8,48,49.2,50.4,52.8,55.2,57.6,62.4,66,69.6,73.2,76.8,81.6,82.8,84,85.2,86.4,87.6,88.8
633,N4,Yes,Fresh,1.2,2.4,6,9.6,12,35,36,38,43,44,46,47,48,49,51,53,55,59,62,65,68,71,75,76,77,78,79,80,81
634,N4,Yes,Salt,1.44,2.88,7.2,11.52,14.4,42,43.2,45.6,51.6,52.8,55.2,56.4,57.6,58.8,61.2,63.6,66,70.8,74.4,78,81.6,85.2,90,91.2,92.4,93.6,94.8,96,97.2
635,N4,No,Fresh,0,0,0,0,5,28,29,31,36,37,39,40,41,42,44,46,48,52,55,58,61,64,68,69,70,71,72,73,74
636,N4,No,Salt,0,0,0,0,6,33.6,34.8,37.2,43.2,44.4,46.8,48,49.2,50.4,52.8,55.2,57.6,62.4,66,69.6,73.2,76.8,81.6,82.8,84,85.2,86.4,87.6,88.8
637,N9,Yes,Fresh,1.2,2.4,6,9.6,12,35,36,38,43,44,46,47,48,49,51,53,55,59,62,65,68,71,75,76,77,78,79,80,81
638,N9,Yes,Salt,1.44,2.88,7.2,11.52,14.4,42,43.2,45.6,51.6,52.8,55.2,56.4,57.6,58.8,61.2,63.6,66,70.8,74.4,78,81.6,85.2,90,91.2,92.4,93.6,94.8,96,97.2
639,N9,No,Fresh,0,0,0,0,5,28,29,31,36,37,39,40,41,42,44,46,48,52,55,58,61,64,68,69,70,71,72,73,74
640,N9,No,Salt,0,0,0,0,6,33.6,34.8,37.2,43.2,44.4,46.8,48,49.2,50.4,52.8,55.2,57.6,62.4,66,69.6,73.2,76.8,81.6,82.8,84,85.2,86.4,87.6,88.8
641,P2,Yes,Fresh,1.2,2.4,6,9.6,12,17,20,21,22,22,22,23,25,30,34,44,57,66,73,78,82,85,89,91,93,95,97,99,100
642,P2,Yes,Salt,1.44,2.88,7.2,11.52,14.4,20.4,24,25.2,26.4,26.4,26.4,27.6,30,36,40.8,52.8,68.4,79.2,87.6,93.6,98.4,100,100,100,100,100,100,100,100
643,P2,No,Fresh,0,0,0,0,5,10,13,14,15,15,15,16,18,23,27,37,50,59,66,71,75,78,82,84,86,88,90,92,94
644,P2,No,Salt,0,0,0,0,6,12,15.6,16.8,18,18,18,19.2,21.6,27.6,32.4,44.4,60,70.8,79.2,85.2,90,93.6,98.4,100,100,100,100,100,100
645,P3,Yes,Fresh,1.2,2.4,6,9.6,12,17,20,21,22,22,22,23,25,30,34,44,57,66,73,78,82,85,89,91,93,95,97,99,100
646,P3,Yes,Salt,1.44,2.88,7.2,11.52,14.4,20.4,24,25.2,26.4,26.4,26.4,27.6,30,36,40.8,52.8,68.4,79.2,87.6,93.6,98.4,100,100,100,100,100,100,100,100
647,P3,No,Fresh,0,0,0,0,5,10,13,14,15,15,15,16,18,23,27,37,50,59,66,71,75,78,82,84,86,88,90,92,94
648,P3,No,Salt,0,0,0,0,6,12,15.6,16.8,18,18,18,19.2,21.6,27.6,32.4,44.4,60,70.8,79.2,85.2,90,93.6,98.4,100,100,100,100,100,100
649,P5,Yes,Fresh,1.2,2.4,6,9.6,12,17,20,21,22,22,22,23,25,30,34,44,57,66,73,78,82,85,89,91,93,95,97,99,100
650,P5,Yes,Salt,1.44,2.88,7.2,11.52,14.4,20.4,24,25.2,26.4,26.4,26.4,27.6,30,36,40.8,52.8,68.4,79.2,87.6,93.6,98.4,100,100,100,100,100,100,100,100
651,P5,No,Fresh,0,0,0,0,5,10,13,14,15,15,15,16,18,23,27,37,50,59,66,71,75,78,82,84,86,88,90,92,94
652,P5,No,Salt,0,0,0,0,6,12,15.6,16.8,18,18,18,19.2,21.6,27.6,32.4,44.4,60,70.8,79.2,85.2,90,93.6,98.4,100,100,100,100,100,100
653,P7,Yes,Fresh,0.7,1.4,3.5,5.6,7,8,9,9,9,10,11,13,15,16,19,22,27,32,39,47,57,65,71,76,81,86,91,96,100
654,P7,Yes,Salt,0.84,1.68,4.2,6.72,8.4,9.6,10.8,10.8,10.8,12,13.2,15.6,18,19.2,22.8,26.4,32.4,38.4,46.8,56.4,68.4,78,85.2,91.2,97.2,100,100,100,100
655,P7,No,Fresh,0,0,0,0,0,1,2,2,2,3,4,6,8,9,12,15,20,25,32,40,50,58,64,69,74,79,84,89,94
656,P7,No,Salt,0,0,0,0,0,1.2,2.4,2.4,2.4,3.6,4.8,7.2,9.6,10.8,14.4,18,24,30,38.4,48,60,69.6,76.8,82.8,88.8,94.8,100,100,100
657,P8,Yes,Fresh,0.7,1.4,3.5,5.6,7,8,9,9,9,10,11,13,15,16,19,22,27,32,39,47,57,65,71,76,81,86,91,96,100
658,P8,Yes,Salt,0.84,1.68,4.2,6.72,8.4,9.6,10.8,10.8,10.8,12,13.2,15.6,18,19.2,22.8,26.4,32.4,38.4,46.8,56.4,68.4,78,85.2,91.2,97.2,100,100,100,100
659,P8,No,Fresh,0,0,0,0,0,1,2,2,2,3,4,6,8,9,12,15,20,25,32,40,50,58,64,69,74,79,84,89,94
660,P8,No,Salt,0,0,0,0,0,1.2,2.4,2.4,2.4,3.6,4.8,7.2,9.6,10.8,14.4,18,24,30,38.4,48,60,69.6,76.8,82.8,88.8,94.8,100,100,100
661,P9,Yes,Fresh,1.2,2.4,6,9.6,12,17,20,21,22,22,22,23,25,30,34,44,57,66,73,78,82,85,89,91,93,95,97,99,100
662,P9,Yes,Salt,1.44,2.88,7.2,11.52,14.4,20.4,24,25.2,26.4,26.4,26.4,27.6,30,36,40.8,52.8,68.4,79.2,87.6,93.6,98.4,100,100,100,100,100,100,100,100
663,P9,No,Fresh,0,0,0,0,5,10,13,14,15,15,15,16,18,23,27,37,50,59,66,71,75,78,82,84,86,88,90,92,94
664,P9,No,Salt,0,0,0,0,6,12,15.6,16.8,18,18,18,19.2,21.6,27.6,32.4,44.4,60,70.8,79.2,85.2,90,93.6,98.4,100,100,100,100,100,100
665,RA,Yes,Fresh,1.2,2.4,6,9.6,12,35,36,38,43,44,46,47,48,49,51,53,55,59,62,65,68,71,75,76,77,78,79,80,81
666,RA,Yes,Salt,1.44,2.88,7.2,11.52,14.4,42,43.2,45.6,51.6,52.8,55.2,56.4,57.6,58.8,61.2,63.6,66,70.8,74.4,78,81.6,85.2,90,91.2,92.4,93.6,94.8,96,97.2
667,RA,No,Fresh,0,0,0,0,5,28,29,31,36,37,39,40,41,42,44,46,48,52,55,58,61,64,68,69,70,71,72,73,74
668,RA,No,Salt,0,0,0,0,6,33.6,34.8,37.2,43.2,44.4,46.8,48,49.2,50.4,52.8,55.2,57.6,62.4,66,69.6,73.2,76.8,81.6,82.8,84,85.2,86.4,87.6,88.8
669,W1,Yes,Fresh,0.7,1.4,3.5,5.6,7,82,83,100,100,100,100,100,100,100,100,100,100,100,100,100,100,100,100,100,100,100,100,100,100
670,W1,Yes,Salt,0.84,1.68,4.2,6.72,8.4,98.4,99.6,100,100,100,100,100,100,100,100,100,100,100,100,100,100,100,100,100,100,100,100,100,100
671,W1,No,Fresh,0,0,0,0,0,75,76,97,100,100,100,100,100,100,100,100,100,100,100,100,100,100,100,100,100,100,100,100,100
672,W1,No,Salt,0,0,0,0,0,90,91.2,100,100,100,100,100,100,100,100,100,100,100,100,100,100,100,100,100,100,100,100,100,100
673,W2,Yes,Fresh,0.7,1.4,3.5,5.6,7,82,83,100,100,100,100,100,100,100,100,100,100,100,100,100,100,100,100,100,100,100,100,100,100
674,W2,Yes,Salt,0.84,1.68,4.2,6.72,8.4,98.4,99.6,100,100,100,100,100,100,100,100,100,100,100,100,100,100,100,100,100,100,100,100,100,100
675,W2,No,Fresh,0,0,0,0,0,75,76,97,100,100,100,100,100,100,100,100,100,100,100,100,100,100,100,100,100,100,100,100,100
676,W2,No,Salt,0,0,0,0,0,90,91.2,100,100,100,100,100,100,100,100,100,100,100,100,100,100,100,100,100,100,100,100,100,100
677,W3,Yes,Fresh,0.7,1.4,3.5,5.6,7,82,83,100,100,100,100,100,100,100,100,100,100,100,100,100,100,100,100,100,100,100,100,100,100
678,W3,Yes,Salt,0.84,1.68,4.2,6.72,8.4,98.4,99.6,100,100,100,100,100,100,100,100,100,100,100,100,100,100,100,100,100,100,100,100,100,100
679,W3,No,Fresh,0,0,0,0,0,75,76,97,100,100,100,100,100,100,100,100,100,100,100,100,100,100,100,100,100,100,100,100,100
680,W3,No,Salt,0,0,0,0,0,90,91.2,100,100,100,100,100,100,100,100,100,100,100,100,100,100,100,100,100,100,100,100,100,100
681,W4,Yes,Fresh,0.7,1.4,3.5,5.6,7,82,83,100,100,100,100,100,100,100,100,100,100,100,100,100,100,100,100,100,100,100,100,100,100
682,W4,Yes,Salt,0.84,1.68,4.2,6.72,8.4,98.4,99.6,100,100,100,100,100,100,100,100,100,100,100,100,100,100,100,100,100,100,100,100,100,100
683,W4,No,Fresh,0,0,0,0,0,75,76,97,100,100,100,100,100,100,100,100,100,100,100,100,100,100,100,100,100,100,100,100,100
684,W4,No,Salt,0,0,0,0,0,90,91.2,100,100,100,100,100,100,100,100,100,100,100,100,100,100,100,100,100,100,100,100,100,100
685,W5,Yes,Fresh,0.7,1.4,3.5,5.6,7,72,72,97,100,100,100,100,100,100,100,100,100,100,100,100,100,100,100,100,100,100,100,100,100
686,W5,Yes,Salt,0.84,1.68,4.2,6.72,8.4,86.4,86.4,100,100,100,100,100,100,100,100,100,100,100,100,100,100,100,100,100,100,100,100,100,100
687,W5,No,Fresh,0,0,0,0,0,65,65,90,100,100,100,100,100,100,100,100,100,100,100,100,100,100,100,100,100,100,100,100,100
688,W5,No,Salt,0,0,0,0,0,78,78,100,100,100,100,100,100,100,100,100,100,100,100,100,100,100,100,100,100,100,100,100,100
689,W6,Yes,Fresh,0.7,1.4,3.5,5.6,7,72,72,97,100,100,100,100,100,100,100,100,100,100,100,100,100,100,100,100,100,100,100,100,100
690,W6,Yes,Salt,0.84,1.68,4.2,6.72,8.4,86.4,86.4,100,100,100,100,100,100,100,100,100,100,100,100,100,100,100,100,100,100,100,100,100,100
691,W6,No,Fresh,0,0,0,0,0,65,65,90,100,100,100,100,100,100,100,100,100,100,100,100,100,100,100,100,100,100,100,100,100
692,W6,No,Salt,0,0,0,0,0,78,78,100,100,100,100,100,100,100,100,100,100,100,100,100,100,100,100,100,100,100,100,100,100
693,W7,Yes,Fresh,0.7,1.4,3.5,5.6,7,12,14,16,16,17,18,20,22,24,27,31,35,40,46,52,59,66,71,76,81,86,91,96,100
694,W7,Yes,Salt,0.84,1.68,4.2,6.72,8.4,14.4,16.8,19.2,19.2,20.4,21.6,24,26.4,28.8,32.4,37.2,42,48,55.2,62.4,70.8,79.2,85.2,91.2,97.2,100,100,100,100
695,W7,No,Fresh,0,0,0,0,0,5,7,9,9,10,11,13,15,17,20,24,28,33,39,45,52,59,64,69,74,79,84,89,94
696,W7,No,Salt,0,0,0,0,0,6,8.4,10.8,10.8,12,13.2,15.6,18,20.4,24,28.8,33.6,39.6,46.8,54,62.4,70.8,76.8,82.8,88.8,94.8,100,100,100
697,W8,Yes,Fresh,0.7,1.4,3.5,5.6,7,15,19,22,22,23,24,26,29,32,35,39,43,47,52,56,61,66,71,76,81,86,91,96,100
698,W8,Yes,Salt,0.84,1.68,4.2,6.72,8.4,18,22.8,26.4,26.4,27.6,28.8,31.2,34.8,38.4,42,46.8,51.6,56.4,62.4,67.2,73.2,79.2,85.2,91.2,97.2,100,100,100,100
699,W8,No,Fresh,0,0,0,0,0,8,12,15,15,16,17,19,22,25,28,32,36,40,45,49,54,59,64,69,74,79,84,89,94
700,W8,No,Salt,0,0,0,0,0,9.6,14.4,18,18,19.2,20.4,22.8,26.4,30,33.6,38.4,43.2,48,54,58.8,64.8,70.8,76.8,82.8,88.8,94.8,100,100,100
701,W9,Yes,Fresh,0.7,1.4,3.5,5.6,7,15,19,22,22,23,24,26,29,32,35,39,43,47,52,56,61,66,71,76,81,86,91,96,100
702,W9,Yes,Salt,0.84,1.68,4.2,6.72,8.4,18,22.8,26.4,26.4,27.6,28.8,31.2,34.8,38.4,42,46.8,51.6,56.4,62.4,67.2,73.2,79.2,85.2,91.2,97.2,100,100,100,100
703,W9,No,Fresh,0,0,0,0,0,8,12,15,15,16,17,19,22,25,28,32,36,40,45,49,54,59,64,69,74,79,84,89,94
704,W9,No,Salt,0,0,0,0,0,9.6,14.4,18,18,19.2,20.4,22.8,26.4,30,33.6,38.4,43.2,48,54,58.8,64.8,70.8,76.8,82.8,88.8,94.8,100,100,100
705,Y1,Yes,Fresh,0.7,1.4,3.5,5.6,7,8,12,12,12,13,14,16,18,21,24,27,31,35,39,43,48,52,58,63,68,73,78,83,88
706,Y1,Yes,Salt,0.84,1.68,4.2,6.72,8.4,9.6,14.4,14.4,14.4,15.6,16.8,19.2,21.6,25.2,28.8,32.4,37.2,42,46.8,51.6,57.6,62.4,69.6,75.6,81.6,87.6,93.6,99.6,100
707,Y1,No,Fresh,0,0,0,0,0,1,5,5,5,6,7,9,11,14,17,20,24,28,32,36,41,45,51,56,61,66,71,76,81
708,Y1,No,Salt,0,0,0,0,0,1.2,6,6,6,7.2,8.4,10.8,13.2,16.8,20.4,24,28.8,33.6,38.4,43.2,49.2,54,61.2,67.2,73.2,79.2,85.2,91.2,97.2
709,Y2,Yes,Fresh,0.7,1.4,3.5,5.6,7,19,21,24,26,30,34,38,42,47,52,57,62,66,70,74,78,81,84,87,90,93,96,99,100
710,Y2,Yes,Salt,0.84,1.68,4.2,6.72,8.4,22.8,25.2,28.8,31.2,36,40.8,45.6,50.4,56.4,62.4,68.4,74.4,79.2,84,88.8,93.6,97.2,100,100,100,100,100,100,100
711,Y2,No,Fresh,0,0,0,0,0,12,14,17,19,23,27,31,35,40,45,50,55,59,63,67,71,74,77,80,83,86,89,92,95
712,Y2,No,Salt,0,0,0,0,0,14.4,16.8,20.4,22.8,27.6,32.4,37.2,42,48,54,60,66,70.8,75.6,80.4,85.2,88.8,92.4,96,99.6,100,100,100,100
713,Y3,Yes,Fresh,0.7,1.4,3.5,5.6,7,12,15,20,21,21,22,24,26,29,33,38,44,51,58,66,72,77,81,86,90,94,98,100,100
714,Y3,Yes,Salt,0.84,1.68,4.2,6.72,8.4,14.4,18,24,25.2,25.2,26.4,28.8,31.2,34.8,39.6,45.6,52.8,61.2,69.6,79.2,86.4,92.4,97.2,100,100,100,100,100,100
715,Y3,No,Fresh,0,0,0,0,0,5,8,13,14,14,15,17,19,22,26,31,37,44,51,59,65,70,74,79,83,87,91,95,98
716,Y3,No,Salt,0,0,0,0,0,6,9.6,15.6,16.8,16.8,18,20.4,22.8,26.4,31.2,37.2,44.4,52.8,61.2,70.8,78,84,88.8,94.8,99.6,100,100,100,100
717,Y4,Yes,Fresh,0.7,1.4,3.5,5.6,7,12,15,20,21,21,22,24,26,29,33,38,44,51,58,66,72,77,81,86,90,94,98,100,100
718,Y4,Yes,Salt,0.84,1.68,4.2,6.72,8.4,14.4,18,24,25.2,25.2,26.4,28.8,31.2,34.8,39.6,45.6,52.8,61.2,69.6,79.2,86.4,92.4,97.2,100,100,100,100,100,100
719,Y4,No,Fresh,0,0,0,0,0,5,8,13,14,14,15,17,19,22,26,31,37,44,51,59,65,70,74,79,83,87,91,95,98
720,Y4,No,Salt,0,0,0,0,0,6,9.6,15.6,16.8,16.8,18,20.4,22.8,26.4,31.2,37.2,44.4,52.8,61.2,70.8,78,84,88.8,94.8,99.6,100,100,100,100
721,Z1,Yes,Fresh,0.7,1.4,3.5,5.6,7,12,15,20,21,21,22,24,26,29,33,38,44,51,58,66,72,77,81,86,90,94,98,100,100
722,Z1,Yes,Salt,0.84,1.68,4.2,6.72,8.4,14.4,18,24,25.2,25.2,26.4,28.8,31.2,34.8,39.6,45.6,52.8,61.2,69.6,79.2,86.4,92.4,97.2,100,100,100,100,100,100
723,Z1,No,Fresh,0,0,0,0,0,5,8,13,14,14,15,17,19,22,26,31,37,44,51,59,65,70,74,79,83,87,91,95,98
724,Z1,No,Salt,0,0,0,0,0,6,9.6,15.6,16.8,16.8,18,20.4,22.8,26.4,31.2,37.2,44.4,52.8,61.2,70.8,78,84,88.8,94.8,99.6,100,100,100,100
725,Z3,Yes,Fresh,1.2,2.4,6,9.6,12,15,17,17,18,20,21,22,23,24,25,27,28,29,31,32,33,34,35,36,37,38,39,40,41
726,Z3,Yes,Salt,1.44,2.88,7.2,11.52,14.4,18,20.4,20.4,21.6,24,25.2,26.4,27.6,28.8,30,32.4,33.6,34.8,37.2,38.4,39.6,40.8,42,43.2,44.4,45.6,46.8,48,49.2
727,Z3,No,Fresh,0,0,0,0,5,8,10,10,11,13,14,15,16,17,18,20,21,22,24,25,26,27,28,29,30,31,32,33,34
728,Z3,No,Salt,0,0,0,0,6,9.6,12,12,13.2,15.6,16.8,18,19.2,20.4,21.6,24,25.2,26.4,28.8,30,31.2,32.4,33.6,34.8,36,37.2,38.4,39.6,40.8
729,Z4,Yes,Fresh,0.7,1.4,3.5,5.6,7,12,15,20,21,21,22,24,26,29,33,38,44,51,58,66,72,77,81,86,90,94,98,100,100
730,Z4,Yes,Salt,0.84,1.68,4.2,6.72,8.4,14.4,18,24,25.2,25.2,26.4,28.8,31.2,34.8,39.6,45.6,52.8,61.2,69.6,79.2,86.4,92.4,97.2,100,100,100,100,100,100
731,Z4,No,Fresh,0,0,0,0,0,5,8,13,14,14,15,17,19,22,26,31,37,44,51,59,65,70,74,79,83,87,91,95,98
732,Z4,No,Salt,0,0,0,0,0,6,9.6,15.6,16.8,16.8,18,20.4,22.8,26.4,31.2,37.2,44.4,52.8,61.2,70.8,78,84,88.8,94.8,99.6,100,100,100,100
733,Z5,Yes,Fresh,0.7,1.4,3.5,5.6,7,12,15,20,21,21,22,24,26,29,33,38,44,51,58,66,72,77,81,86,90,94,98,100,100
734,Z5,Yes,Salt,0.84,1.68,4.2,6.72,8.4,14.4,18,24,25.2,25.2,26.4,28.8,31.2,34.8,39.6,45.6,52.8,61.2,69.6,79.2,86.4,92.4,97.2,100,100,100,100,100,100
735,Z5,No,Fresh,0,0,0,0,0,5,8,13,14,14,15,17,19,22,26,31,37,44,51,59,65,70,74,79,83,87,91,95,98
736,Z5,No,Salt,0,0,0,0,0,6,9.6,15.6,16.8,16.8,18,20.4,22.8,26.4,31.2,37.2,44.4,52.8,61.2,70.8,78,84,88.8,94.8,99.6,100,100,100,100
737,P4,Yes,Fresh,,,,,,,,,,,,,,,,,,,,,,,,,,,,,
738,P4,Yes,Salt,,,,,,,,,,,,,,,,,,,,,,,,,,,,,
739,P4,No,Fresh,,,,,,,,,,,,,,,,,,,,,,,,,,,,,
740,P4,No,Salt,,,,,,,,,,,,,,,,,,,,,,,,,,,,,
741,P6,Yes,Fresh,,,,,,,,,,,,,,,,,,,,,,,,,,,,,
742,P6,Yes,Salt,,,,,,,,,,,,,,,,,,,,,,,,,,,,,
743,P6,No,Fresh,,,,,,,,,,,,,,,,,,,,,,,,,,,,,
744,P6,No,Salt,,,,,,,,,,,,,,,,,,,,,,,,,,,,,
745,Q0,Yes,Fresh,,,,,,,,,,,,,,,,,,,,,,,,,,,,,
746,Q0,Yes,Salt,,,,,,,,,,,,,,,,,,,,,,,,,,,,,
747,Q0,No,Fresh,,,,,,,,,,,,,,,,,,,,,,,,,,,,,
748,Q0,No,Salt,,,,,,,,,,,,,,,,,,,,,,,,,,,,,
749,Q1,Yes,Fresh,,,,,,,,,,,,,,,,,,,,,,,,,,,,,
750,Q1,Yes,Salt,,,,,,,,,,,,,,,,,,,,,,,,,,,,,
751,Q1,No,Fresh,,,,,,,,,,,,,,,,,,,,,,,,,,,,,
752,Q1,No,Salt,,,,,,,,,,,,,,,,,,,,,,,,,,,,,
753,Q2,Yes,Fresh,,,,,,,,,,,,,,,,,,,,,,,,,,,,,
754,Q2,Yes,Salt,,,,,,,,,,,,,,,,,,,,,,,,,,,,,
755,Q2,No,Fresh,,,,,,,,,,,,,,,,,,,,,,,,,,,,,
756,Q2,No,Salt,,,,,,,,,,,,,,,,,,,,,,,,,,,,,
757,Q3,Yes,Fresh,,,,,,,,,,,,,,,,,,,,,,,,,,,,,
758,Q3,Yes,Salt,,,,,,,,,,,,,,,,,,,,,,,,,,,,,
759,Q3,No,Fresh,,,,,,,,,,,,,,,,,,,,,,,,,,,,,
760,Q3,No,Salt,,,,,,,,,,,,,,,,,,,,,,,,,,,,,
761,Q4,Yes,Fresh,,,,,,,,,,,,,,,,,,,,,,,,,,,,,
762,Q4,Yes,Salt,,,,,,,,,,,,,,,,,,,,,,,,,,,,,
763,Q4,No,Fresh,,,,,,,,,,,,,,,,,,,,,,,,,,,,,
764,Q4,No,Salt,,,,,,,,,,,,,,,,,,,,,,,,,,,,,
765,Q5,Yes,Fresh,,,,,,,,,,,,,,,,,,,,,,,,,,,,,
766,Q5,Yes,Salt,,,,,,,,,,,,,,,,,,,,,,,,,,,,,
767,Q5,No,Fresh,,,,,,,,,,,,,,,,,,,,,,,,,,,,,
768,Q5,No,Salt,,,,,,,,,,,,,,,,,,,,,,,,,,,,,
769,Q6,Yes,Fresh,,,,,,,,,,,,,,,,,,,,,,,,,,,,,
770,Q6,Yes,Salt,,,,,,,,,,,,,,,,,,,,,,,,,,,,,
771,Q6,No,Fresh,,,,,,,,,,,,,,,,,,,,,,,,,,,,,
772,Q6,No,Salt,,,,,,,,,,,,,,,,,,,,,,,,,,,,,
773,Q7,Yes,Fresh,,,,,,,,,,,,,,,,,,,,,,,,,,,,,
774,Q7,Yes,Salt,,,,,,,,,,,,,,,,,,,,,,,,,,,,,
775,Q7,No,Fresh,,,,,,,,,,,,,,,,,,,,,,,,,,,,,
776,Q7,No,Salt,,,,,,,,,,,,,,,,,,,,,,,,,,,,,
777,Q8,Yes,Fresh,,,,,,,,,,,,,,,,,,,,,,,,,,,,,
778,Q8,Yes,Salt,,,,,,,,,,,,,,,,,,,,,,,,,,,,,
779,Q8,No,Fresh,,,,,,,,,,,,,,,,,,,,,,,,,,,,,
780,Q8,No,Salt,,,,,,,,,,,,,,,,,,,,,,,,,,,,,
781,Q9,Yes,Fresh,,,,,,,,,,,,,,,,,,,,,,,,,,,,,
782,Q9,Yes,Salt,,,,,,,,,,,,,,,,,,,,,,,,,,,,,
783,Q9,No,Fresh,,,,,,,,,,,,,,,,,,,,,,,,,,,,,
784,Q9,No,Salt,,,,,,,,,,,,,,,,,,,,,,,,,,,,,
785,Z8,Yes,Fresh,,,,,,,,,,,,,,,,,,,,,,,,,,,,,
786,Z8,Yes,Salt,,,,,,,,,,,,,,,,,,,,,,,,,,,,,
787,Z8,No,Fresh,,,,,,,,,,,,,,,,,,,,,,,,,,,,,
788,Z8,No,Salt,,,,,,,,,,,,,,,,,,,,,,,,,,,,,
789,G0,Yes,Fresh,0.7,1.4,3.5,5.6,7,10,12,13,14,15,17,20,24,28,32,37,42,48,54,59,65,72,78,83,88,93,98,100,100
790,G0,Yes,Salt,0.84,1.68,4.2,6.72,8.4,12,14.4,15.6,16.8,18,20.4,24,28.8,33.6,38.4,44.4,50.4,57.6,64.8,70.8,78,86.4,93.6,99.6,100,100,100,100,100
791,G0,No,Fresh,0,0,0,0,0,3,5,6,7,8,10,13,17,21,25,30,35,41,47,52,58,65,71,76,81,86,91,96,100
792,G0,No,Salt,0,0,0,0,0,3.6,6,7.2,8.4,9.6,12,15.6,20.4,25.2,30,36,42,49.2,56.4,62.4,69.6,78,85.2,91.2,97.2,100,100,100,100
793,G1,Yes,Fresh,0.7,1.4,3.5,5.6,7,10,12,13,14,15,17,20,24,28,32,37,42,48,54,59,65,72,78,83,88,93,98,100,100
794,G1,Yes,Salt,0.84,1.68,4.2,6.72,8.4,12,14.4,15.6,16.8,18,20.4,24,28.8,33.6,38.4,44.4,50.4,57.6,64.8,70.8,78,86.4,93.6,99.6,100,100,100,100,100
795,G1,No,Fresh,0,0,0,0,0,3,5,6,7,8,10,13,17,21,25,30,35,41,47,52,58,65,71,76,81,86,91,96,100
796,G1,No,Salt,0,0,0,0,0,3.6,6,7.2,8.4,9.6,12,15.6,20.4,25.2,30,36,42,49.2,56.4,62.4,69.6,78,85.2,91.2,97.2,100,100,100,100
797,G2,Yes,Fresh,0.7,1.4,3.5,5.6,7,10,12,13,14,15,17,20,24,28,32,37,42,48,54,59,65,72,78,83,88,93,98,100,100
798,G2,Yes,Salt,0.84,1.68,4.2,6.72,8.4,12,14.4,15.6,16.8,18,20.4,24,28.8,33.6,38.4,44.4,50.4,57.6,64.8,70.8,78,86.4,93.6,99.6,100,100,100,100,100
799,G2,No,Fresh,0,0,0,0,0,3,5,6,7,8,10,13,17,21,25,30,35,41,47,52,58,65,71,76,81,86,91,96,100
800,G2,No,Salt,0,0,0,0,0,3.6,6,7.2,8.4,9.6,12,15.6,20.4,25.2,30,36,42,49.2,56.4,62.4,69.6,78,85.2,91.2,97.2,100,100,100,100
801,G6,Yes,Fresh,,,,,,,,,,,,,,,,,,,,,,,,,,,,,
802,G6,Yes,Salt,,,,,,,,,,,,,,,,,,,,,,,,,,,,,
803,G6,No,Fresh,,,,,,,,,,,,,,,,,,,,,,,,,,,,,
804,G6,No,Salt,,,,,,,,,,,,,,,,,,,,,,,,,,,,,
805,G7,Yes,Fresh,,,,,,,,,,,,,,,,,,,,,,,,,,,,,
806,G7,Yes,Salt,,,,,,,,,,,,,,,,,,,,,,,,,,,,,
807,G7,No,Fresh,,,,,,,,,,,,,,,,,,,,,,,,,,,,,
808,G7,No,Salt,,,,,,,,,,,,,,,,,,,,,,,,,,,,,
809,RG,Yes,Fresh,,,,,,,,,,,,,,,,,,,,,,,,,,,,,
810,RG,Yes,Salt,,,,,,,,,,,,,,,,,,,,,,,,,,,,,
811,RG,No,Fresh,,,,,,,,,,,,,,,,,,,,,,,,,,,,,
812,RG,No,Salt,,,,,,,,,,,,,,,,,,,,,,,,,,,,,
813,Z2,Yes,Fresh,,,,,,,,,,,,,,,,,,,,,,,,,,,,,
814,Z2,Yes,Salt,,,,,,,,,,,,,,,,,,,,,,,,,,,,,
815,Z2,No,Fresh,,,,,,,,,,,,,,,,,,,,,,,,,,,,,
816,Z2,No,Salt,,,,,,,,,,,,,,,,,,,,,,,,,,,,,
817,V0,Yes,Fresh,,,,,,,,,,,,,,,,,,,,,,,,,,,,,
818,V0,Yes,Salt,,,,,,,,,,,,,,,,,,,,,,,,,,,,,
819,V0,No,Fresh,,,,,,,,,,,,,,,,,,,,,,,,,,,,,
820,V0,No,Salt,,,,,,,,,,,,,,,,,,,,,,,,,,,,,
821,V1,Yes,Fresh,,,,,,,,,,,,,,,,,,,,,,,,,,,,,
822,V1,Yes,Salt,,,,,,,,,,,,,,,,,,,,,,,,,,,,,
823,V1,No,Fresh,,,,,,,,,,,,,,,,,,,,,,,,,,,,,
824,V1,No,Salt,,,,,,,,,,,,,,,,,,,,,,,,,,,,,
825,V2,Yes,Fresh,,,,,,,,,,,,,,,,,,,,,,,,,,,,,
826,V2,Yes,Salt,,,,,,,,,,,,,,,,,,,,,,,,,,,,,
827,V2,No,Fresh,,,,,,,,,,,,,,,,,,,,,,,,,,,,,
828,V2,No,Salt,,,,,,,,,,,,,,,,,,,,,,,,,,,,,
829,V3,Yes,Fresh,,,,,,,,,,,,,,,,,,,,,,,,,,,,,
830,V3,Yes,Salt,,,,,,,,,,,,,,,,,,,,,,,,,,,,,
831,V3,No,Fresh,,,,,,,,,,,,,,,,,,,,,,,,,,,,,
832,V3,No,Salt,,,,,,,,,,,,,,,,,,,,,,,,,,,,,
833,V4,Yes,Fresh,,,,,,,,,,,,,,,,,,,,,,,,,,,,,
834,V4,Yes,Salt,,,,,,,,,,,,,,,,,,,,,,,,,,,,,
835,V4,No,Fresh,,,,,,,,,,,,,,,,,,,,,,,,,,,,,
836,V4,No,Salt,,,,,,,,,,,,,,,,,,,,,,,,,,,,,
837,V5,Yes,Fresh,,,,,,,,,,,,,,,,,,,,,,,,,,,,,
838,V5,Yes,Salt,,,,,,,,,,,,,,,,,,,,,,,,,,,,,
839,V5,No,Fresh,,,,,,,,,,,,,,,,,,,,,,,,,,,,,
840,V5,No,Salt,,,,,,,,,,,,,,,,,,,,,,,,,,,,,
841,V6,Yes,Fresh,,,,,,,,,,,,,,,,,,,,,,,,,,,,,
842,V6,Yes,Salt,,,,,,,,,,,,,,,,,,,,,,,,,,,,,
843,V6,No,Fresh,,,,,,,,,,,,,,,,,,,,,,,,,,,,,
844,V6,No,Salt,,,,,,,,,,,,,,,,,,,,,,,,,,,,,
845,V7,Yes,Fresh,,,,,,,,,,,,,,,,,,,,,,,,,,,,,
846,V7,Yes,Salt,,,,,,,,,,,,,,,,,,,,,,,,,,,,,
847,V7,No,Fresh,,,,,,,,,,,,,,,,,,,,,,,,,,,,,
848,V7,No,Salt,,,,,,,,,,,,,,,,,,,,,,,,,,,,,
849,V8,Yes,Fresh,,,,,,,,,,,,,,,,,,,,,,,,,,,,,
850,V8,Yes,Salt,,,,,,,,,,,,,,,,,,,,,,,,,,,,,
851,V8,No,Fresh,,,,,,,,,,,,,,,,,,,,,,,,,,,,,
852,V8,No,Salt,,,,,,,,,,,,,,,,,,,,,,,,,,,,,
853,V9,Yes,Fresh,,,,,,,,,,,,,,,,,,,,,,,,,,,,,
854,V9,Yes,Salt,,,,,,,,,,,,,,,,,,,,,,,,,,,,,
855,V9,No,Fresh,,,,,,,,,,,,,,,,,,,,,,,,,,,,,
856,V9,No,Salt,,,,,,,,,,,,,,,,,,,,,,,,,,,,,
857,Y5,Yes,Fresh,0.7,1.4,3.5,5.6,7,23,41,72,87,89,97,99,99,99,99,99,99,99,99,99,99,99,99,99,99,99,99,99,99
858,Y5,Yes,Salt,0.84,1.68,4.2,6.72,8.4,27.6,49.2,86.4,100,100,100,100,100,100,100,100,100,100,100,100,100,100,100,100,100,100,100,100,100
859,Y5,No,Fresh,0,0,0,0,0,16,34,65,80,82,90,92,92,92,92,92,92,92,92,92,92,92,92,92,92,92,92,92,92
860,Y5,No,Salt,0,0,0,0,0,19.2,40.8,78,96,98.4,100,100,100,100,100,100,100,100,100,100,100,100,100,100,100,100,100,100,100
861,Z6,Yes,Fresh,,,,,,,,,,,,,,,,,,,,,,,,,,,,,
862,Z6,Yes,Salt,,,,,,,,,,,,,,,,,,,,,,,,,,,,,
863,Z6,No,Fresh,,,,,,,,,,,,,,,,,,,,,,,,,,,,,
864,Z6,No,Salt,,,,,,,,,,,,,,,,,,,,,,,,,,,,,
865,Z7,Yes,Fresh,,,,,,,,,,,,,,,,,,,,,,,,,,,,,
866,Z7,Yes,Salt,,,,,,,,,,,,,,,,,,,,,,,,,,,,,
867,Z7,No,Fresh,,,,,,,,,,,,,,,,,,,,,,,,,,,,,
868,Z7,No,Salt,,,,,,,,,,,,,,,,,,,,,,,,,,,,,
869,Z9,Yes,Fresh,,,,,,,,,,,,,,,,,,,,,,,,,,,,,
870,Z9,Yes,Salt,,,,,,,,,,,,,,,,,,,,,,,,,,,,,
871,Z9,No,Fresh,,,,,,,,,,,,,,,,,,,,,,,,,,,,,
872,Z9,No,Salt,,,,,,,,,,,,,,,,,,,,,,,,,,,,,
